Workbook

Sheet MODIFICAR CODIGOS 
A1: CODIGO | B1: PRODUCTO MODIFICAR | C1: Estiba | D1: Piso | E1: CAJAS | G1: CODIGO | H1: PRODUCTO MODIFICAR | I1: Estiba | J1: Piso
A2: 160052 | B2: COCA-COLA 6,5OZ VIR(30) | C2: 45 | D2: 9 | E2: 30 | G2: 160052 | H2: COCA-COLA 6,5OZ VIR(30) | I2: 45 | J2: 9 | K2: 30
C3: 45 | D3: 9 | E3: 30 | G3: 160646 | H3: COCA-COLA ZERO 6,5OZ VIR(30) | I3: 45 | J3: 9 | K3: 1
A4: 56702 | B4: QUATRO TJA 6,5OZ VIR(30) | C4: 45 | D4: 9 | E4: 30 | G4: 56702 | H4: QUATRO TJA 6,5OZ VIR(30) | I4: 45 | J4: 9 | K4: 30
C5: 45 | D5: 9 | E5: 30 | H5: PREMIO RJ 6 OZ VIR(30) | I5: 45 | J5: 9
A6: 160069 | B6: SPRITE LL6,5 OZ | C6: 45 | D6: 9 | E6: 30 | G6: 160069 | H6: SPRITE LL6,5 OZ | I6: 45 | J6: 9 | K6: 30
C7: 45 | D7: 9 | E7: 30 | G7: 160176 | H7: FANTA NARANJA 250 ML RGB | I7: 45 | J7: 9 | K7: 1
C8: 45 | D8: 9 | E8: 30 | G8: 160177 | H8: FANTA MANZANA 250 ML RGB | I8: 45 | J8: 9 | K8: 1
C9: 45 | D9: 9 | E9: 30 | G9: 160361 | H9: FANTA UVA 250 ML RGB | I9: 45 | J9: 9 | K9: 1
A10: 56623 | B10: PREMIO ROJO 250 ML RGB | C10: 45 | D10: 9 | E10: 30 | G10: 56623 | H10: PREMIO ROJO 250 ML RGB | I10: 45 | J10: 9 | K10: 30
A12: 160053 | B12: COCA-COLA 350ML VIR(30) | C12: 45 | D12: 9 | E12: 30 | G12: 160053 | H12: COCA-COLA 350ML VIR(30) | I12: 45 | J12: 9 | K12: 30
A13: 135763 | B13: COCA COLA ZERO 350 ML VIR | C13: 45 | D13: 9 | E13: 30 | G13: 135763 | H13: COCA COLA ZERO 350 ML VIR | I13: 45 | J13: 9 | K13: 30
A14: 56622 | B14: PREMIO ROJO 350 ML (30) | C14: 45 | D14: 9 | E14: 30 | G14: 56622 | H14: PREMIO ROJO 350 ML (30) | I14: 45 | J14: 9 | K14: 30
A15: 56705 | B15: QUATRO TJA 350ML VIR(30) | C15: 45 | D15: 9 | E15: 30 | G15: 56705 | H15: QUATRO TJA 350ML VIR(30) | I15: 45 | J15: 9 | K15: 30
A16: 160070 | B16: SPRITE LL 350ML VIR(30) | C16: 45 | D16: 9 | E16: 30 | G16: 160070 | H16: SPRITE LL 350ML VIR(30) | I16: 45 | J16: 9 | K16: 30
A17: 160033 | B17: SCHWEPPES SODA 350 ML VIR (30) | C17: 45 | D17: 9 | E17: 30 | G17: 160033 | H17: SCHWEPPES SODA 350 ML VIR (30) | I17: 45 | J17: 9 | K17: 30
C18: 45 | D18: 9 | E18: 30 | G18: 160009 | H18: FANTA NARANJA 350ML (30) VIR | I18: 45 | J18: 9 | K18: 1
C19: 45 | D19: 9 | E19: 30 | G19: 160010 | H19: FANTA MANZANA 350ML (30) VIR | I19: 45 | J19: 9 | K19: 1
C20: 45 | D20: 9 | E20: 30 | G20: 160624 | H20: DEL VALLE FRUTAL MANGO 350 ML | I20: 45 | J20: 9 | K20: 1
C21: 45 | D21: 9 | E21: 30 | G21: 160625 | H21: DEL VALLE FRUTAL GUAYABA 350 ML | I21: 45 | J21: 9 | K21: 1
C22: 45 | D22: 9 | E22: 30 | G22: 160626 | H22: DEL VALLE FRUTAL MANDAR | I22: 45 | J22: 9 | K22: 1
C23: 45 | D23: 9 | E23: 30 | G23: 119945 | H23: FRUTAL MANGOFRS 350 ML (30) | I23: 45 | J23: 9 | K23: 1
A24: 135666 | B24: COCA COLA 1.25LT VIR(12) | C24: 40 | D24: 10 | E24: 12 | G24: 135666 | H24: COCA COLA 1.25LT VIR(12) | I24: 40 | J24: 10 | K24: 12
C25: 40 | D25: 10 | E25: 12 | G25: 5666 | H25: COCA COLA 1.25LT PET(12) | I25: 70 | J25: 14 | K25: 1
A27: 136159 | B27: COCA-COLA SO 1 LT NR (12) | C27: 75 | D27: 15 | E27: 12 | G27: 136159 | H27: COCA-COLA SO 1 LT NR (12) | I27: 75 | J27: 15 | K27: 12
A28: 136113 | B28: ESPEJO CCSO 1.5LT PET(12) | C28: 65 | D28: 13 | E28: 12 | G28: 136113 | H28: ESPEJO CCSO 1.5LT PET(12) | I28: 65 | J28: 13 | K28: 12
A29: 135664 | B29: COCA-COLA 1.5 LT NR (12) Nvo | C29: 65 | D29: 13 | E29: 12 | G29: 135664 | H29: COCA-COLA 1.5 LT NR (12) Nvo | I29: 65 | J29: 13 | K29: 12
A30: 135757 | B30: COCA COLA ZERO 1,5 NR (12) | C30: 65 | D30: 13 | E30: 12 | G30: 135757 | H30: COCA COLA ZERO 1,5 NR (12) | I30: 65 | J30: 13 | K30: 12
A31: 56651 | B31: PREMIO ROJO 1.5 L | C31: 65 | D31: 13 | E31: 12 | G31: 56651 | H31: PREMIO ROJO 1.5 L | I31: 65 | J31: 13 | K31: 12
A32: 56709 | B32: QUATRO 1,5LT | C32: 65 | D32: 13 | E32: 12 | G32: 56709 | H32: QUATRO 1,5LT | I32: 65 | J32: 13 | K32: 12
A33: 160102 | B33: SRITE LIMA LIMON 1,5LT | C33: 65 | D33: 13 | E33: 12 | G33: 160102 | H33: SRITE LIMA LIMON 1,5LT | I33: 65 | J33: 13 | K33: 12
A34: 160100 | B34: SCHEPPES GINGER 1,5 LTS | C34: 65 | D34: 13 | E34: 12 | G34: 160100 | H34: SCHEPPES GINGER 1,5 LTS | I34: 65 | J34: 13 | K34: 12
A35: 160101 | B35: SCHEPPES SODA 1,5 LTS | C35: 65 | D35: 13 | E35: 12 | G35: 160101 | H35: SCHEPPES SODA 1,5 LTS | I35: 65 | J35: 13 | K35: 12
A36: 160099 | B36: KOLA ROMA 1,5 LTS | C36: 65 | D36: 13 | E36: 12 | G36: 160099 | H36: KOLA ROMA 1,5 LTS | I36: 65 | J36: 13 | K36: 12
E38: 1 | G38: 160657 | H38: COCA COLA SABOR LIGERO 1,5 LTS | I38: 65 | J38: 13 | K38: 1
A39: 136133 | B39: COCA COLA 2.25L PET(8) EINSTEIN | C39: 60 | D39: 12 | E39: 8 | G39: 136133 | H39: COCA COLA 2.25L PET(8)EINSTEIN | I39: 60 | J39: 12 | K39: 8
E40: 1 | G40: 56572 | H40: QUATRO TORONJA 1,5 LTS | I40: 65 | J40: 13 | K40: 1
E41: 1 | G41: 160130 | H41: KOLA ROMAN 1.75L | I41: 55 | J41: 11 | K41: 1
E42: 1 | G42: 135756 | H42: COCA COLA SA 1.75 L PET (12) | I42: 55 | J42: 11 | K42: 1
E43: 1 | G43: 135695 | H43: COCA COLA SO 1.75 L | I43: 55 | J43: 11 | K43: 1
E44: 1 | G44: 160082 | H44: QUATRO 1.75 L | I44: 55 | J44: 11 | K44: 1
E45: 1 | G45: 160075 | H45: SPRITE 1.75L (12) | I45: 55 | J45: 11 | K45: 1
E46: 1 | G46: 56626 | H46: PREMIO ROJO 1.75 L | I46: 55 | J46: 11 | K46: 1
E47: 1 | G47: 160153 | H47: FANTA NARANJA 1.75 L | I47: 55 | J47: 11 | K47: 1
E48: 1 | G48: 160154 | H48: FANTA MANZANA 1.75 L | I48: 55 | J48: 11 | K48: 1
E49: 1 | G49: 160155 | H49: FANTA UVA 1.75 L | I49: 55 | J49: 11 | K49: 1
E50: 1 | G50: 56431 | H50: SCHWEPPES SODA 1.75 L (12) | I50: 55 | J50: 11 | K50: 1
E51: 1 | G51: 56432 | H51: SCHWEPPES GINGER 1.75 L (12) | I51: 55 | J51: 11 | K51: 1
... E60: 1 | G60: 50129 | H60: PREMIO ROJO 2 LTS (8) | I60: 75 | J60: 15 | K60: 1
A61: CODIGO | B61: PRODUCTO | C61: Estiba | D61: Piso | G61: CODIGO | H61: PRODUCTO | I61: Estiba | J61: Piso
E62: 1 | G62: 160087 | H62: COCA-COLA 3 LITROS PET(6) | I62: 60 | J62: 15 | K62: 1
A63: 135662 | B63: COCA-COLA 3 LITROS PET(6) Nvo | C63: 60 | D63: 15 | E63: 6 | G63: 135662 | H63: COCA-COLA 3 LITROS PET(6) Nvo | I63: 60 | J63: 15 | K63: 6
A64: 160124 | B64: SPRITE 3 LTS PET (6) | C64: 60 | D64: 15 | E64: 6 | G64: 160124 | H64: SPRITE 3 LTS PET (6) | I64: 60 | J64: 15 | K64: 6
A65: 56711 | B65: QUATRO 3 LTS PET (6) | C65: 60 | D65: 15 | E65: 6 | G65: 56711 | H65: QUATRO 3 LTS PET (6) | I65: 60 | J65: 15 | K65: 6
A66: 56625 | B66: PREMIO ROJO 3 LTS PET (6) | C66: 60 | D66: 15 | E66: 6 | G66: 56625 | H66: PREMIO ROJO 3 LTS PET (6) | I66: 60 | J66: 15 | K66: 6
E68: 1 | G68: 160004 | H68: CC PET 2.5LTNR 8 PK K | I68: 60 | J68: 12 | K68: 1
A69: 135663 | B69: CC PET 2.5LTNR 8 PK Nvo | C69: 60 | D69: 12 | E69: 8 | G69: 135663 | H69: CC PET 2.5LTNR 8 PK Nvo | I69: 60 | J69: 12 | K69: 8
A70: 135755 | B70: COCA COLA ZERO 2.5 LTS (8) | C70: 60 | D70: 12 | E70: 8 | G70: 135755 | H70: COCA COLA ZERO 2.5 LTS (8) | I70: 60 | J70: 12 | K70: 8
A71: 56820 | B71: QUATRO CHOICE 2.5L PET (8) | C71: 60 | D71: 12 | E71: 8 | G71: 56820 | H71: QUATRO CHOICE 2.5L PET (8) | I71: 60 | J71: 12 | K71: 8
E72: 1 | G72: 160025 | H72: QUATRO TORONJA 2,5 LTS (8) | I72: 60 | J72: 12 | K72: 1
E73: 1 | G73: 160026 | H73: SPRITE LIMA LIMON 2,5 LTS (8) | I73: 60 | J73: 12 | K73: 1
A75: 160040 | B75: COCA-COLA 20 OZ PET(15) | C75: 119 | D75: 17 | E75: 15 | G75: 160040 | H75: COCA-COLA 20 OZ PET(15) | I75: 119 | J75: 17 | K75: 15
A76: 135759 | B76: COCA-COLA ZERO 20 OZ PET(15) | C76: 119 | D76: 17 | E76: 15 | G76: 135759 | H76: COCA-COLA ZERO 20 OZ PET(15) | I76: 119 | J76: 17 | K76: 15
E77: 1 | G77: 136415 | H77: COCA COLA 500ML PET(12) | I77: 154 | J77: 22 | K77: 12
E78: 1 | G78: 136416 | H78: COCA COLA ZERO 500ML PET(12) | I78: 154 | J78: 22 | K78: 12
A80: 135760 | B80: COCA COLA SA 400ML | C80: 240 | D80: 30 | E80: 12 | G80: 135760 | H80: COCA COLA SA 400ML | I80: 224 | J80: 28 | K80: 12
A81: 160318 | B81: COCA-COLA 400ml PET(12) | C81: 240 | D81: 30 | E81: 12 | G81: 160318 | H81: COCA-COLA 400ml PET(12) | I81: 224 | J81: 28 | K81: 12
C82: 240 | D82: 30
A83: 56452 | B83: SCHWEPPES SODA 400ML PET (12) | C83: 240 | D83: 30 | E83: 12 | G83: 56452 | H83: SCHWEPPES SODA 400ML PET (12) | I83: 224 | J83: 28 | K83: 12
A84: 56453 | B84: SCHWEPPES GINGER 400ML PET (12) | C84: 240 | D84: 30 | E84: 12 | G84: 56453 | H84: SCHWEPPES GINGER 400ML PET (12) | I84: 224 | J84: 28 | K84: 12
A85: 160479 | B85: KOLA ROMAN 400 ML NR (12) | C85: 240 | D85: 30 | E85: 12 | G85: 160479 | H85: KOLA ROMAN 400 ML NR (12) | I85: 224 | J85: 28 | K85: 12
C86: 240 | D86: 30 | G86: 160645 | H86: COCA COLA ZERO 500 ML PET (12) | I86: 154 | J86: 22
A87: 56627 | B87: PREMIO 400PET | C87: 240 | D87: 30 | E87: 12 | G87: 56627 | H87: PREMIO 400PET | I87: 224 | J87: 28 | K87: 12
A88: 160297 | B88: SPRITE 400PET | C88: 240 | D88: 30 | E88: 12 | G88: 160297 | H88: SPRITE 400PET | I88: 224 | J88: 28 | K88: 12
C89: 240 | D89: 30 | G89: 56446 | H89: SPRITE HIERBABUENA 400 ML NR (12) | I89: 224 | J89: 28
A90: 56706 | B90: QUATRO 400PET | C90: 240 | D90: 30 | E90: 12 | G90: 56706 | H90: QUATRO 400PET | I90: 224 | J90: 28 | K90: 12
E91: 1 | G91: 56440 | H91: QUATRO T. ROSA 400 ML NR (12) | I91: 224 | J91: 28 | K91: 1
E92: 1 | G92: 160687 | H92: QUATRO SIN AZUCAR 400PET | I92: 224 | J92: 28 | K92: 1
E93: 1 | G93: 160015 | H93: FANTA MANZANA 400ML PET (12) | I93: 224 | J93: 28 | K93: 1
E94: 1 | G94: 160106 | H94: FANTA NARANJA 400ML PET (12) | I94: 224 | J94: 28 | K94: 1
E95: 1 | G95: 160478 | H95: UVA 400PET | I95: 224 | J95: 28 | K95: 1
E97: 1 | G97: 50381 | H97: FANTA NARANJA 500ML PET (12) | I97: 154 | J97: 22 | K97: 1
E98: 1 | G98: 50382 | H98: FANTA MANZANA 500ML PET (12) | I98: 154 | J98: 22 | K98: 1
E99: 1 | G99: 50383 | H99: FANTA UVA 500ML PET (12) | I99: 154 | J99: 22 | K99: 1
E100: 1 | G100: 160558 | H100: COCA COLA ORIGINAL 200 ML | I100: 200 | J100: 20 | K100: 1
E101: 1 | G101: 160282 | H101: COCA COLA ZERO 200 ML (24) | I101: 200 | J101: 20 | K101: 1
E102: 1 | G102: 160457 | H102: QUATRO 200ml pet | I102: 200 | J102: 20 | K102: 1
E103: 1 | G103: 160304 | H103: FANTA NARANJA 200ML | I103: 200 | J103: 20 | K103: 1
... E105: 1 | G105: 160394 | H105: FANTA UVA 200ML | I105: 200 | J105: 20 | K105: 1
E106: 1 | K106: 1
E107: 1 | G107: 135660 | H107: CCSA CON CAFÉ 250 ML PET (12) | I107: 288 | J107: 32 | K107: 1
A108: 135761 | B108: COCA COLA ZERO 250 ML (12) | C108: 288 | D108: 32 | E108: 12 | G108: 136397 | H108: COCA COLA ZERO 250 ML (12) | I108: 288 | J108: 32 | K108: 1
A109: 160200 | B109: COCA COLA 250 ML (12) | C109: 288 | D109: 32 | E109: 12 | G109: 160200 | H109: COCA COLA 250 ML (12) | I109: 288 | J109: 32 | K109: 12
E110: 1 | G110: 160205 | H110: QUATRO 250 ML PET (12) | I110: 288 | J110: 32 | K110: 12
E111: 1 | G111: 160204 | H111: SPRITE 250 ML PET (12) | I111: 288 | J111: 32 | K111: 1
E112: 1 | G112: 160203 | H112: FANTA NARANJA 250 ML (12) | I112: 288 | J112: 32 | K112: 1
E114: 1 | G114: 50232 | H114: COCA COLA 350 ML PET (15) | I114: 180 | J114: 18 | K114: 1
E115: 1 | G115: 50233 | H115: QUATRO 350 ML PET (15) | I115: 180 | J115: 18 | K115: 1
E116: 1 | G116: 50234 | H116: SPRITE 350 ML PET (15) | I116: 180 | J116: 18 | K116: 1
E117: 1 | G117: 50258 | H117: PREMIO ROJO 350 ML PET (15) | I117: 180 | J117: 18 | K117: 1
...

Sheet PLANTILLA INV. PISO (0)
A1: CODIGO | B1: PRODUCTO | C1: Estiba | D1: Piso | E1: PACAS | F1: ESTIBAS | L1: PISO | P1: CAJAS | S1: UND | U1: TOTAL | V1: cajas | W1: und | X1: DECIMALES | Y1: HOY | Z1: FECHA + | AA1: FECHA TPM | AB1: DIAS X VENCER
A2: ='MODIFICAR CODIGOS '!A2 -> 160052 | B2: ='MODIFICAR CODIGOS '!B2 -> COCA-COLA 6,5OZ VIR(30) | C2: ='MODIFICAR CODIGOS '!C2 -> 45 | D2: ='MODIFICAR CODIGOS '!D2 -> 9 | E2: ='MODIFICAR CODIGOS '!E2 -> 30 | I2: 2 | Q2: 9 | S2: 5 | U2: =(F2*C2+G2*C2+H2*C2+I2*C2+J2*C2+K2*C2+L2*D2+M2*D2+N2*D2+O2*D2+P2*1+Q2*1+R2*1+(TRUNC((S2+T2)/E2)))+(((S2+T2)/E2-TRUNC((S2+T2)/E2))*E2)/100 -> 99.05 | V2: =(F2*C2+G2*C2+H2*C2+I2*C2+J2*C2+K2*C2+L2*D2+M2*D2+N2*D2+O2*D2+P2*1+Q2*1+R2*1+(TRUNC((S2+T2)/E2))) -> 99 | W2: =(((S2+T2)/E2-TRUNC((S2+T2)/E2))*E2) -> 5 | X2: =V2+W2/E2 -> 99.166667 | Y2: =TODAY() -> 46104 | Z2: 46178 | AA2: 46178 | AB2: =AA2-Y2 -> 74
A3: ='MODIFICAR CODIGOS '!A3 -> 0 | B3: ='MODIFICAR CODIGOS '!B3 -> 0 | C3: ='MODIFICAR CODIGOS '!C3 -> 45 | D3: ='MODIFICAR CODIGOS '!D3 -> 9 | E3: 1 | U3: =(F3*C3+G3*C3+H3*C3+I3*C3+J3*C3+K3*C3+L3*D3+M3*D3+N3*D3+O3*D3+P3*1+Q3*1+R3*1+(TRUNC((S3+T3)/E3)))+(((S3+T3)/E3-TRUNC((S3+T3)/E3))*E3)/100 -> 0 | V3: =(F3*C3+G3*C3+H3*C3+I3*C3+J3*C3+K3*C3+L3*D3+M3*D3+N3*D3+O3*D3+P3*1+Q3*1+R3*1+(TRUNC((S3+T3)/E3))) -> 0 | W3: =(((S3+T3)/E3-TRUNC((S3+T3)/E3))*E3) -> 0 | X3: =V3+W3/E3 -> 0 | Y3: =TODAY() -> 46104 | AB3: =AA3-Y3 -> -46104
A4: ='MODIFICAR CODIGOS '!A4 -> 56702 | B4: ='MODIFICAR CODIGOS '!B4 -> QUATRO TJA 6,5OZ VIR(30) | C4: ='MODIFICAR CODIGOS '!C4 -> 45 | D4: ='MODIFICAR CODIGOS '!D4 -> 9 | E4: ='MODIFICAR CODIGOS '!E4 -> 30 | I4: 1 | Q4: 13 | S4: 21 | U4: =(F4*C4+G4*C4+H4*C4+I4*C4+J4*C4+K4*C4+L4*D4+M4*D4+N4*D4+O4*D4+P4*1+Q4*1+R4*1+(TRUNC((S4+T4)/E4)))+(((S4+T4)/E4-TRUNC((S4+T4)/E4))*E4)/100 -> 58.21 | V4: =(F4*C4+G4*C4+H4*C4+I4*C4+J4*C4+K4*C4+L4*D4+M4*D4+N4*D4+O4*D4+P4*1+Q4*1+R4*1+(TRUNC((S4+T4)/E4))) -> 58 | W4: =(((S4+T4)/E4-TRUNC((S4+T4)/E4))*E4) -> 21 | X4: =V4+W4/E4 -> 58.7 | Y4: =TODAY() -> 46104 | AB4: =AA4-Y4 -> -46104
A5: ='MODIFICAR CODIGOS '!A5 -> 0 | B5: ='MODIFICAR CODIGOS '!B5 -> 0 | C5: ='MODIFICAR CODIGOS '!C5 -> 45 | D5: ='MODIFICAR CODIGOS '!D5 -> 9 | E5: 1 | U5: =(F5*C5+G5*C5+H5*C5+I5*C5+J5*C5+K5*C5+L5*D5+M5*D5+N5*D5+O5*D5+P5*1+Q5*1+R5*1+(TRUNC((S5+T5)/E5)))+(((S5+T5)/E5-TRUNC((S5+T5)/E5))*E5)/100 -> 0 | V5: =(F5*C5+G5*C5+H5*C5+I5*C5+J5*C5+K5*C5+L5*D5+M5*D5+N5*D5+O5*D5+P5*1+Q5*1+R5*1+(TRUNC((S5+T5)/E5))) -> 0 | W5: =(((S5+T5)/E5-TRUNC((S5+T5)/E5))*E5) -> 0 | X5: =V5+W5/E5 -> 0 | Y5: =TODAY() -> 46104 | AB5: =AA5-Y5 -> -46104
A6: ='MODIFICAR CODIGOS '!A6 -> 160069 | B6: ='MODIFICAR CODIGOS '!B6 -> SPRITE LL6,5 OZ | C6: ='MODIFICAR CODIGOS '!C6 -> 45 | D6: ='MODIFICAR CODIGOS '!D6 -> 9 | E6: ='MODIFICAR CODIGOS '!E6 -> 30 | I6: 2 | Q6: 7 | S6: 8 | U6: =(F6*C6+G6*C6+H6*C6+I6*C6+J6*C6+K6*C6+L6*D6+M6*D6+N6*D6+O6*D6+P6*1+Q6*1+R6*1+(TRUNC((S6+T6)/E6)))+(((S6+T6)/E6-TRUNC((S6+T6)/E6))*E6)/100 -> 97.08 | V6: =(F6*C6+G6*C6+H6*C6+I6*C6+J6*C6+K6*C6+L6*D6+M6*D6+N6*D6+O6*D6+P6*1+Q6*1+R6*1+(TRUNC((S6+T6)/E6))) -> 97 | W6: =(((S6+T6)/E6-TRUNC((S6+T6)/E6))*E6) -> 8 | X6: =V6+W6/E6 -> 97.266667 | Y6: =TODAY() -> 46104 | AB6: =AA6-Y6 -> -46104
A7: ='MODIFICAR CODIGOS '!A7 -> 0 | B7: ='MODIFICAR CODIGOS '!B7 -> 0 | C7: ='MODIFICAR CODIGOS '!C7 -> 45 | D7: ='MODIFICAR CODIGOS '!D7 -> 9 | E7: 1 | U7: =(F7*C7+G7*C7+H7*C7+I7*C7+J7*C7+K7*C7+L7*D7+M7*D7+N7*D7+O7*D7+P7*1+Q7*1+R7*1+(TRUNC((S7+T7)/E7)))+(((S7+T7)/E7-TRUNC((S7+T7)/E7))*E7)/100 -> 0 | V7: =(F7*C7+G7*C7+H7*C7+I7*C7+J7*C7+K7*C7+L7*D7+M7*D7+N7*D7+O7*D7+P7*1+Q7*1+R7*1+(TRUNC((S7+T7)/E7))) -> 0 | W7: =(((S7+T7)/E7-TRUNC((S7+T7)/E7))*E7) -> 0 | X7: =V7+W7/E7 -> 0 | Y7: =TODAY() -> 46104 | AB7: =AA7-Y7 -> -46104
A8: ='MODIFICAR CODIGOS '!A8 -> 0 | B8: ='MODIFICAR CODIGOS '!B8 -> 0 | C8: ='MODIFICAR CODIGOS '!C8 -> 45 | D8: ='MODIFICAR CODIGOS '!D8 -> 9 | E8: 1 | U8: =(F8*C8+G8*C8+H8*C8+I8*C8+J8*C8+K8*C8+L8*D8+M8*D8+N8*D8+O8*D8+P8*1+Q8*1+R8*1+(TRUNC((S8+T8)/E8)))+(((S8+T8)/E8-TRUNC((S8+T8)/E8))*E8)/100 -> 0 | V8: =(F8*C8+G8*C8+H8*C8+I8*C8+J8*C8+K8*C8+L8*D8+M8*D8+N8*D8+O8*D8+P8*1+Q8*1+R8*1+(TRUNC((S8+T8)/E8))) -> 0 | W8: =(((S8+T8)/E8-TRUNC((S8+T8)/E8))*E8) -> 0 | X8: =V8+W8/E8 -> 0 | Y8: =TODAY() -> 46104 | AB8: =AA8-Y8 -> -46104
A9: ='MODIFICAR CODIGOS '!A9 -> 0 | B9: ='MODIFICAR CODIGOS '!B9 -> 0 | C9: ='MODIFICAR CODIGOS '!C9 -> 45 | D9: ='MODIFICAR CODIGOS '!D9 -> 9 | E9: 1 | U9: =(F9*C9+G9*C9+H9*C9+I9*C9+J9*C9+K9*C9+L9*D9+M9*D9+N9*D9+O9*D9+P9*1+Q9*1+R9*1+(TRUNC((S9+T9)/E9)))+(((S9+T9)/E9-TRUNC((S9+T9)/E9))*E9)/100 -> 0 | V9: =(F9*C9+G9*C9+H9*C9+I9*C9+J9*C9+K9*C9+L9*D9+M9*D9+N9*D9+O9*D9+P9*1+Q9*1+R9*1+(TRUNC((S9+T9)/E9))) -> 0 | W9: =(((S9+T9)/E9-TRUNC((S9+T9)/E9))*E9) -> 0 | X9: =V9+W9/E9 -> 0 | Y9: =TODAY() -> 46104 | AB9: =AA9-Y9 -> -46104
A10: ='MODIFICAR CODIGOS '!A10 -> 56623 | B10: ='MODIFICAR CODIGOS '!B10 -> PREMIO ROJO 250 ML RGB | C10: ='MODIFICAR CODIGOS '!C10 -> 45 | D10: ='MODIFICAR CODIGOS '!D10 -> 9 | E10: ='MODIFICAR CODIGOS '!E10 -> 30 | U10: =(F10*C10+G10*C10+H10*C10+I10*C10+J10*C10+K10*C10+L10*D10+M10*D10+N10*D10+O10*D10+P10*1+Q10*1+R10*1+(TRUNC((S10+T10)/E10)))+(((S10+T10)/E10-TRUNC((S10+T10)/E10))*E10)/100 -> 0 | V10: =(F10*C10+G10*C10+H10*C10+I10*C10+J10*C10+K10*C10+L10*D10+M10*D10+N10*D10+O10*D10+P10*1+Q10*1+R10*1+(TRUNC((S10+T10)/E10))) -> 0 | W10: =(((S10+T10)/E10-TRUNC((S10+T10)/E10))*E10) -> 0 | X10: =V10+W10/E10 -> 0 | Y10: =TODAY() -> 46104 | AB10: =AA10-Y10 -> -46104
A11: * | V11: =(F11*C11+G11*C11+H11*C11+I11*C11+J11*C11+K11*C11+L11*D11+M11*D11+N11*D11+O11*D11+P11*1+Q11*1+R11*1+(TRUNC((S11+T11)/E11))) -> #DIV/0! | W11: =(((S11+T11)/E11-TRUNC((S11+T11)/E11))*E11) -> #DIV/0! | AB11: =AA11-Y11 -> 0
A12: ='MODIFICAR CODIGOS '!A12 -> 160053 | B12: ='MODIFICAR CODIGOS '!B12 -> COCA-COLA 350ML VIR(30) | C12: ='MODIFICAR CODIGOS '!C12 -> 45 | D12: ='MODIFICAR CODIGOS '!D12 -> 9 | E12: ='MODIFICAR CODIGOS '!E12 -> 30 | Q12: 5 | R12: 37 | S12: 10 | U12: =(F12*C12+G12*C12+H12*C12+I12*C12+J12*C12+K12*C12+L12*D12+M12*D12+N12*D12+O12*D12+P12*1+Q12*1+R12*1+(TRUNC((S12+T12)/E12)))+(((S12+T12)/E12-TRUNC((S12+T12)/E12))*E12)/100 -> 42.1 | V12: =(F12*C12+G12*C12+H12*C12+I12*C12+J12*C12+K12*C12+L12*D12+M12*D12+N12*D12+O12*D12+P12*1+Q12*1+R12*1+(TRUNC((S12+T12)/E12))) -> 42 | W12: =(((S12+T12)/E12-TRUNC((S12+T12)/E12))*E12) -> 10 | X12: =V12+W12/E12 -> 42.333333 | Y12: =TODAY() -> 46104 | AB12: =AA12-Y12 -> -46104
A13: ='MODIFICAR CODIGOS '!A13 -> 135763 | B13: ='MODIFICAR CODIGOS '!B13 -> COCA COLA ZERO 350 ML VIR | C13: ='MODIFICAR CODIGOS '!C13 -> 45 | D13: ='MODIFICAR CODIGOS '!D13 -> 9 | E13: ='MODIFICAR CODIGOS '!E13 -> 30 | Q13: 18 | S13: 24 | U13: =(F13*C13+G13*C13+H13*C13+I13*C13+J13*C13+K13*C13+L13*D13+M13*D13+N13*D13+O13*D13+P13*1+Q13*1+R13*1+(TRUNC((S13+T13)/E13)))+(((S13+T13)/E13-TRUNC((S13+T13)/E13))*E13)/100 -> 18.24 | V13: =(F13*C13+G13*C13+H13*C13+I13*C13+J13*C13+K13*C13+L13*D13+M13*D13+N13*D13+O13*D13+P13*1+Q13*1+R13*1+(TRUNC((S13+T13)/E13))) -> 18 | W13: =(((S13+T13)/E13-TRUNC((S13+T13)/E13))*E13) -> 24 | X13: =V13+W13/E13 -> 18.8 | Y13: =TODAY() -> 46104 | AB13: =AA13-Y13 -> -46104
A14: ='MODIFICAR CODIGOS '!A14 -> 56622 | B14: ='MODIFICAR CODIGOS '!B14 -> PREMIO ROJO 350 ML (30) | C14: ='MODIFICAR CODIGOS '!C14 -> 45 | D14: ='MODIFICAR CODIGOS '!D14 -> 9 | E14: ='MODIFICAR CODIGOS '!E14 -> 30 | Q14: 35 | S14: 20 | U14: =(F14*C14+G14*C14+H14*C14+I14*C14+J14*C14+K14*C14+L14*D14+M14*D14+N14*D14+O14*D14+P14*1+Q14*1+R14*1+(TRUNC((S14+T14)/E14)))+(((S14+T14)/E14-TRUNC((S14+T14)/E14))*E14)/100 -> 35.2 | V14: =(F14*C14+G14*C14+H14*C14+I14*C14+J14*C14+K14*C14+L14*D14+M14*D14+N14*D14+O14*D14+P14*1+Q14*1+R14*1+(TRUNC((S14+T14)/E14))) -> 35 | W14: =(((S14+T14)/E14-TRUNC((S14+T14)/E14))*E14) -> 20 | X14: =V14+W14/E14 -> 35.666667 | Y14: =TODAY() -> 46104 | AB14: =AA14-Y14 -> -46104
A15: ='MODIFICAR CODIGOS '!A15 -> 56705 | B15: ='MODIFICAR CODIGOS '!B15 -> QUATRO TJA 350ML VIR(30) | C15: ='MODIFICAR CODIGOS '!C15 -> 45 | D15: ='MODIFICAR CODIGOS '!D15 -> 9 | E15: ='MODIFICAR CODIGOS '!E15 -> 30 | Q15: 32 | S15: 25 | U15: =(F15*C15+G15*C15+H15*C15+I15*C15+J15*C15+K15*C15+L15*D15+M15*D15+N15*D15+O15*D15+P15*1+Q15*1+R15*1+(TRUNC((S15+T15)/E15)))+(((S15+T15)/E15-TRUNC((S15+T15)/E15))*E15)/100 -> 32.25 | V15: =(F15*C15+G15*C15+H15*C15+I15*C15+J15*C15+K15*C15+L15*D15+M15*D15+N15*D15+O15*D15+P15*1+Q15*1+R15*1+(TRUNC((S15+T15)/E15))) -> 32 | W15: =(((S15+T15)/E15-TRUNC((S15+T15)/E15))*E15) -> 25 | X15: =V15+W15/E15 -> 32.833333 | Y15: =TODAY() -> 46104 | AB15: =AA15-Y15 -> -46104
A16: ='MODIFICAR CODIGOS '!A16 -> 160070 | B16: ='MODIFICAR CODIGOS '!B16 -> SPRITE LL 350ML VIR(30) | C16: ='MODIFICAR CODIGOS '!C16 -> 45 | D16: ='MODIFICAR CODIGOS '!D16 -> 9 | E16: ='MODIFICAR CODIGOS '!E16 -> 30 | Q16: 43 | S16: 25 | U16: =(F16*C16+G16*C16+H16*C16+I16*C16+J16*C16+K16*C16+L16*D16+M16*D16+N16*D16+O16*D16+P16*1+Q16*1+R16*1+(TRUNC((S16+T16)/E16)))+(((S16+T16)/E16-TRUNC((S16+T16)/E16))*E16)/100 -> 43.25 | V16: =(F16*C16+G16*C16+H16*C16+I16*C16+J16*C16+K16*C16+L16*D16+M16*D16+N16*D16+O16*D16+P16*1+Q16*1+R16*1+(TRUNC((S16+T16)/E16))) -> 43 | W16: =(((S16+T16)/E16-TRUNC((S16+T16)/E16))*E16) -> 25 | X16: =V16+W16/E16 -> 43.833333 | Y16: =TODAY() -> 46104 | AB16: =AA16-Y16 -> -46104
A17: ='MODIFICAR CODIGOS '!A17 -> 160033 | B17: ='MODIFICAR CODIGOS '!B17 -> SCHWEPPES SODA 350 ML VIR (30) | C17: ='MODIFICAR CODIGOS '!C17 -> 45 | D17: ='MODIFICAR CODIGOS '!D17 -> 9 | E17: ='MODIFICAR CODIGOS '!E17 -> 30 | Q17: 3 | S17: 9 | U17: =(F17*C17+G17*C17+H17*C17+I17*C17+J17*C17+K17*C17+L17*D17+M17*D17+N17*D17+O17*D17+P17*1+Q17*1+R17*1+(TRUNC((S17+T17)/E17)))+(((S17+T17)/E17-TRUNC((S17+T17)/E17))*E17)/100 -> 3.09 | V17: =(F17*C17+G17*C17+H17*C17+I17*C17+J17*C17+K17*C17+L17*D17+M17*D17+N17*D17+O17*D17+P17*1+Q17*1+R17*1+(TRUNC((S17+T17)/E17))) -> 3 | W17: =(((S17+T17)/E17-TRUNC((S17+T17)/E17))*E17) -> 9 | X17: =V17+W17/E17 -> 3.3 | Y17: =TODAY() -> 46104 | AB17: =AA17-Y17 -> -46104
A18: ='MODIFICAR CODIGOS '!A18 -> 0 | B18: ='MODIFICAR CODIGOS '!B18 -> 0 | C18: ='MODIFICAR CODIGOS '!C18 -> 45 | D18: ='MODIFICAR CODIGOS '!D18 -> 9 | E18: ='MODIFICAR CODIGOS '!E18 -> 30 | U18: =(F18*C18+G18*C18+H18*C18+I18*C18+J18*C18+K18*C18+L18*D18+M18*D18+N18*D18+O18*D18+P18*1+Q18*1+R18*1+(TRUNC((S18+T18)/E18)))+(((S18+T18)/E18-TRUNC((S18+T18)/E18))*E18)/100 -> 0 | V18: =(F18*C18+G18*C18+H18*C18+I18*C18+J18*C18+K18*C18+L18*D18+M18*D18+N18*D18+O18*D18+P18*1+Q18*1+R18*1+(TRUNC((S18+T18)/E18))) -> 0 | W18: =(((S18+T18)/E18-TRUNC((S18+T18)/E18))*E18) -> 0 | X18: =V18+W18/E18 -> 0 | Y18: =TODAY() -> 46104 | AB18: =AA18-Y18 -> -46104
A19: ='MODIFICAR CODIGOS '!A19 -> 0 | B19: ='MODIFICAR CODIGOS '!B19 -> 0 | C19: ='MODIFICAR CODIGOS '!C19 -> 45 | D19: ='MODIFICAR CODIGOS '!D19 -> 9 | E19: ='MODIFICAR CODIGOS '!E19 -> 30 | U19: =(F19*C19+G19*C19+H19*C19+I19*C19+J19*C19+K19*C19+L19*D19+M19*D19+N19*D19+O19*D19+P19*1+Q19*1+R19*1+(TRUNC((S19+T19)/E19)))+(((S19+T19)/E19-TRUNC((S19+T19)/E19))*E19)/100 -> 0 | V19: =(F19*C19+G19*C19+H19*C19+I19*C19+J19*C19+K19*C19+L19*D19+M19*D19+N19*D19+O19*D19+P19*1+Q19*1+R19*1+(TRUNC((S19+T19)/E19))) -> 0 | W19: =(((S19+T19)/E19-TRUNC((S19+T19)/E19))*E19) -> 0 | X19: =V19+W19/E19 -> 0 | Y19: =TODAY() -> 46104 | AB19: =AA19-Y19 -> -46104
A20: ='MODIFICAR CODIGOS '!A20 -> 0 | B20: ='MODIFICAR CODIGOS '!B20 -> 0 | C20: ='MODIFICAR CODIGOS '!C20 -> 45 | D20: ='MODIFICAR CODIGOS '!D20 -> 9 | E20: ='MODIFICAR CODIGOS '!E20 -> 30 | U20: =(F20*C20+G20*C20+H20*C20+I20*C20+J20*C20+K20*C20+L20*D20+M20*D20+N20*D20+O20*D20+P20*1+Q20*1+R20*1+(TRUNC((S20+T20)/E20)))+(((S20+T20)/E20-TRUNC((S20+T20)/E20))*E20)/100 -> 0 | V20: =(F20*C20+G20*C20+H20*C20+I20*C20+J20*C20+K20*C20+L20*D20+M20*D20+N20*D20+O20*D20+P20*1+Q20*1+R20*1+(TRUNC((S20+T20)/E20))) -> 0 | W20: =(((S20+T20)/E20-TRUNC((S20+T20)/E20))*E20) -> 0 | X20: =V20+W20/E20 -> 0 | Y20: =TODAY() -> 46104 | AB20: =AA20-Y20 -> -46104
A21: ='MODIFICAR CODIGOS '!A21 -> 0 | B21: ='MODIFICAR CODIGOS '!B21 -> 0 | C21: ='MODIFICAR CODIGOS '!C21 -> 45 | D21: ='MODIFICAR CODIGOS '!D21 -> 9 | E21: ='MODIFICAR CODIGOS '!E21 -> 30 | U21: =(F21*C21+G21*C21+H21*C21+I21*C21+J21*C21+K21*C21+L21*D21+M21*D21+N21*D21+O21*D21+P21*1+Q21*1+R21*1+(TRUNC((S21+T21)/E21)))+(((S21+T21)/E21-TRUNC((S21+T21)/E21))*E21)/100 -> 0 | V21: =(F21*C21+G21*C21+H21*C21+I21*C21+J21*C21+K21*C21+L21*D21+M21*D21+N21*D21+O21*D21+P21*1+Q21*1+R21*1+(TRUNC((S21+T21)/E21))) -> 0 | W21: =(((S21+T21)/E21-TRUNC((S21+T21)/E21))*E21) -> 0 | X21: =V21+W21/E21 -> 0 | Y21: =TODAY() -> 46104 | AB21: =AA21-Y21 -> -46104
A22: ='MODIFICAR CODIGOS '!A22 -> 0 | B22: ='MODIFICAR CODIGOS '!B22 -> 0 | C22: ='MODIFICAR CODIGOS '!C22 -> 45 | D22: ='MODIFICAR CODIGOS '!D22 -> 9 | E22: ='MODIFICAR CODIGOS '!E22 -> 30 | U22: =(F22*C22+G22*C22+H22*C22+I22*C22+J22*C22+K22*C22+L22*D22+M22*D22+N22*D22+O22*D22+P22*1+Q22*1+R22*1+(TRUNC((S22+T22)/E22)))+(((S22+T22)/E22-TRUNC((S22+T22)/E22))*E22)/100 -> 0 | V22: =(F22*C22+G22*C22+H22*C22+I22*C22+J22*C22+K22*C22+L22*D22+M22*D22+N22*D22+O22*D22+P22*1+Q22*1+R22*1+(TRUNC((S22+T22)/E22))) -> 0 | W22: =(((S22+T22)/E22-TRUNC((S22+T22)/E22))*E22) -> 0 | X22: =V22+W22/E22 -> 0 | Y22: =TODAY() -> 46104 | AB22: =AA22-Y22 -> -46104
A23: ='MODIFICAR CODIGOS '!A23 -> 0 | B23: ='MODIFICAR CODIGOS '!B23 -> 0 | C23: ='MODIFICAR CODIGOS '!C23 -> 45 | D23: ='MODIFICAR CODIGOS '!D23 -> 9 | E23: ='MODIFICAR CODIGOS '!E23 -> 30 | U23: =(F23*C23+G23*C23+H23*C23+I23*C23+J23*C23+K23*C23+L23*D23+M23*D23+N23*D23+O23*D23+P23*1+Q23*1+R23*1+(TRUNC((S23+T23)/E23)))+(((S23+T23)/E23-TRUNC((S23+T23)/E23))*E23)/100 -> 0 | V23: =(F23*C23+G23*C23+H23*C23+I23*C23+J23*C23+K23*C23+L23*D23+M23*D23+N23*D23+O23*D23+P23*1+Q23*1+R23*1+(TRUNC((S23+T23)/E23))) -> 0 | W23: =(((S23+T23)/E23-TRUNC((S23+T23)/E23))*E23) -> 0 | X23: =V23+W23/E23 -> 0 | Y23: =TODAY() -> 46104 | AB23: =AA23-Y23 -> -46104
A24: ='MODIFICAR CODIGOS '!A24 -> 135666 | B24: ='MODIFICAR CODIGOS '!B24 -> COCA COLA 1.25LT VIR(12) | C24: ='MODIFICAR CODIGOS '!C24 -> 40 | D24: ='MODIFICAR CODIGOS '!D24 -> 10 | E24: ='MODIFICAR CODIGOS '!E24 -> 12 | I24: 1 | Q24: 8 | U24: =(F24*C24+G24*C24+H24*C24+I24*C24+J24*C24+K24*C24+L24*D24+M24*D24+N24*D24+O24*D24+P24*1+Q24*1+R24*1+(TRUNC((S24+T24)/E24)))+(((S24+T24)/E24-TRUNC((S24+T24)/E24))*E24)/100 -> 48 | V24: =(F24*C24+G24*C24+H24*C24+I24*C24+J24*C24+K24*C24+L24*D24+M24*D24+N24*D24+O24*D24+P24*1+Q24*1+R24*1+(TRUNC((S24+T24)/E24))) -> 48 | W24: =(((S24+T24)/E24-TRUNC((S24+T24)/E24))*E24) -> 0 | X24: =V24+W24/E24 -> 48 | Y24: =TODAY() -> 46104 | AB24: =AA24-Y24 -> -46104
A25: ='MODIFICAR CODIGOS '!A25 -> 0 | B25: ='MODIFICAR CODIGOS '!B25 -> 0 | C25: ='MODIFICAR CODIGOS '!C25 -> 40 | D25: ='MODIFICAR CODIGOS '!D25 -> 10 | E25: ='MODIFICAR CODIGOS '!E25 -> 12 | U25: =(F25*C25+G25*C25+H25*C25+I25*C25+J25*C25+K25*C25+L25*D25+M25*D25+N25*D25+O25*D25+P25*1+Q25*1+R25*1+(TRUNC((S25+T25)/E25)))+(((S25+T25)/E25-TRUNC((S25+T25)/E25))*E25)/100 -> 0 | V25: =(F25*C25+G25*C25+H25*C25+I25*C25+J25*C25+K25*C25+L25*D25+M25*D25+N25*D25+O25*D25+P25*1+Q25*1+R25*1+(TRUNC((S25+T25)/E25))) -> 0 | W25: =(((S25+T25)/E25-TRUNC((S25+T25)/E25))*E25) -> 0 | X25: =V25+W25/E25 -> 0 | Y25: =TODAY() -> 46104 | AB25: =AA25-Y25 -> -46104
A26: * | V26: =(F26*C26+G26*C26+H26*C26+I26*C26+J26*C26+K26*C26+L26*D26+M26*D26+N26*D26+O26*D26+P26*1+Q26*1+R26*1+(TRUNC((S26+T26)/E26))) -> #DIV/0! | W26: =(((S26+T26)/E26-TRUNC((S26+T26)/E26))*E26) -> #DIV/0! | AB26: =AA26-Y26 -> 0
A27: ='MODIFICAR CODIGOS '!A27 -> 136159 | B27: ='MODIFICAR CODIGOS '!B27 -> COCA-COLA SO 1 LT NR (12) | C27: ='MODIFICAR CODIGOS '!C27 -> 75 | D27: ='MODIFICAR CODIGOS '!D27 -> 15 | E27: ='MODIFICAR CODIGOS '!E27 -> 12 | I27: 1 | Q27: 62 | U27: =(F27*C27+G27*C27+H27*C27+I27*C27+J27*C27+K27*C27+L27*D27+M27*D27+N27*D27+O27*D27+P27*1+Q27*1+R27*1+(TRUNC((S27+T27)/E27)))+(((S27+T27)/E27-TRUNC((S27+T27)/E27))*E27)/100 -> 137 | V27: =(F27*C27+G27*C27+H27*C27+I27*C27+J27*C27+K27*C27+L27*D27+M27*D27+N27*D27+O27*D27+P27*1+Q27*1+R27*1+(TRUNC((S27+T27)/E27))) -> 137 | W27: =(((S27+T27)/E27-TRUNC((S27+T27)/E27))*E27) -> 0 | X27: =V27+W27/E27 -> 137 | Y27: =TODAY() -> 46104 | AB27: =AA27-Y27 -> -46104
A28: ='MODIFICAR CODIGOS '!A28 -> 136113 | B28: ='MODIFICAR CODIGOS '!B28 -> ESPEJO CCSO 1.5LT PET(12) | C28: ='MODIFICAR CODIGOS '!C28 -> 65 | D28: ='MODIFICAR CODIGOS '!D28 -> 13 | E28: ='MODIFICAR CODIGOS '!E28 -> 12 | H28: 6 | O28: 3 | Q28: 4 | U28: =(F28*C28+G28*C28+H28*C28+I28*C28+J28*C28+K28*C28+L28*D28+M28*D28+N28*D28+O28*D28+P28*1+Q28*1+R28*1+(TRUNC((S28+T28)/E28)))+(((S28+T28)/E28-TRUNC((S28+T28)/E28))*E28)/100 -> 433 | V28: =(F28*C28+G28*C28+H28*C28+I28*C28+J28*C28+K28*C28+L28*D28+M28*D28+N28*D28+O28*D28+P28*1+Q28*1+R28*1+(TRUNC((S28+T28)/E28))) -> 433 | W28: =(((S28+T28)/E28-TRUNC((S28+T28)/E28))*E28) -> 0 | X28: =V28+W28/E28 -> 433 | Y28: =TODAY() -> 46104 | AB28: =AA28-Y28 -> -46104
A29: ='MODIFICAR CODIGOS '!A29 -> 135664 | B29: ='MODIFICAR CODIGOS '!B29 -> COCA-COLA 1.5 LT NR (12) Nvo | C29: ='MODIFICAR CODIGOS '!C29 -> 65 | D29: ='MODIFICAR CODIGOS '!D29 -> 13 | E29: ='MODIFICAR CODIGOS '!E29 -> 12 | Q29: 19 | S29: 10 | U29: =(F29*C29+G29*C29+H29*C29+I29*C29+J29*C29+K29*C29+L29*D29+M29*D29+N29*D29+O29*D29+P29*1+Q29*1+R29*1+(TRUNC((S29+T29)/E29)))+(((S29+T29)/E29-TRUNC((S29+T29)/E29))*E29)/100 -> 19.1 | V29: =(F29*C29+G29*C29+H29*C29+I29*C29+J29*C29+K29*C29+L29*D29+M29*D29+N29*D29+O29*D29+P29*1+Q29*1+R29*1+(TRUNC((S29+T29)/E29))) -> 19 | W29: =(((S29+T29)/E29-TRUNC((S29+T29)/E29))*E29) -> 10 | X29: =V29+W29/E29 -> 19.833333 | Y29: =TODAY() -> 46104 | AB29: =AA29-Y29 -> -46104
A30: ='MODIFICAR CODIGOS '!A30 -> 135757 | B30: ='MODIFICAR CODIGOS '!B30 -> COCA COLA ZERO 1,5 NR (12) | C30: ='MODIFICAR CODIGOS '!C30 -> 65 | D30: ='MODIFICAR CODIGOS '!D30 -> 13 | E30: ='MODIFICAR CODIGOS '!E30 -> 12 | Q30: 8 | S30: 10 | U30: =(F30*C30+G30*C30+H30*C30+I30*C30+J30*C30+K30*C30+L30*D30+M30*D30+N30*D30+O30*D30+P30*1+Q30*1+R30*1+(TRUNC((S30+T30)/E30)))+(((S30+T30)/E30-TRUNC((S30+T30)/E30))*E30)/100 -> 8.1 | V30: =(F30*C30+G30*C30+H30*C30+I30*C30+J30*C30+K30*C30+L30*D30+M30*D30+N30*D30+O30*D30+P30*1+Q30*1+R30*1+(TRUNC((S30+T30)/E30))) -> 8 | W30: =(((S30+T30)/E30-TRUNC((S30+T30)/E30))*E30) -> 10 | X30: =V30+W30/E30 -> 8.8333333 | Y30: =TODAY() -> 46104 | AB30: =AA30-Y30 -> -46104
A31: ='MODIFICAR CODIGOS '!A31 -> 56651 | B31: ='MODIFICAR CODIGOS '!B31 -> PREMIO ROJO 1.5 L | C31: ='MODIFICAR CODIGOS '!C31 -> 65 | D31: ='MODIFICAR CODIGOS '!D31 -> 13 | E31: ='MODIFICAR CODIGOS '!E31 -> 12 | H31: 2 | U31: =(F31*C31+G31*C31+H31*C31+I31*C31+J31*C31+K31*C31+L31*D31+M31*D31+N31*D31+O31*D31+P31*1+Q31*1+R31*1+(TRUNC((S31+T31)/E31)))+(((S31+T31)/E31-TRUNC((S31+T31)/E31))*E31)/100 -> 130 | V31: =(F31*C31+G31*C31+H31*C31+I31*C31+J31*C31+K31*C31+L31*D31+M31*D31+N31*D31+O31*D31+P31*1+Q31*1+R31*1+(TRUNC((S31+T31)/E31))) -> 130 | W31: =(((S31+T31)/E31-TRUNC((S31+T31)/E31))*E31) -> 0 | X31: =V31+W31/E31 -> 130 | Y31: =TODAY() -> 46104 | AB31: =AA31-Y31 -> -46104
A32: ='MODIFICAR CODIGOS '!A32 -> 56709 | B32: ='MODIFICAR CODIGOS '!B32 -> QUATRO 1,5LT | C32: ='MODIFICAR CODIGOS '!C32 -> 65 | D32: ='MODIFICAR CODIGOS '!D32 -> 13 | E32: ='MODIFICAR CODIGOS '!E32 -> 12 | H32: 5 | O32: 3 | P32: 3 | S32: 4 | U32: =(F32*C32+G32*C32+H32*C32+I32*C32+J32*C32+K32*C32+L32*D32+M32*D32+N32*D32+O32*D32+P32*1+Q32*1+R32*1+(TRUNC((S32+T32)/E32)))+(((S32+T32)/E32-TRUNC((S32+T32)/E32))*E32)/100 -> 367.04 | V32: =(F32*C32+G32*C32+H32*C32+I32*C32+J32*C32+K32*C32+L32*D32+M32*D32+N32*D32+O32*D32+P32*1+Q32*1+R32*1+(TRUNC((S32+T32)/E32))) -> 367 | W32: =(((S32+T32)/E32-TRUNC((S32+T32)/E32))*E32) -> 4 | X32: =V32+W32/E32 -> 367.33333 | Y32: =TODAY() -> 46104 | AB32: =AA32-Y32 -> -46104
A33: ='MODIFICAR CODIGOS '!A33 -> 160102 | B33: ='MODIFICAR CODIGOS '!B33 -> SRITE LIMA LIMON 1,5LT | C33: ='MODIFICAR CODIGOS '!C33 -> 65 | D33: ='MODIFICAR CODIGOS '!D33 -> 13 | E33: ='MODIFICAR CODIGOS '!E33 -> 12 | O33: 4 | Q33: 6 | S33: 3 | U33: =(F33*C33+G33*C33+H33*C33+I33*C33+J33*C33+K33*C33+L33*D33+M33*D33+N33*D33+O33*D33+P33*1+Q33*1+R33*1+(TRUNC((S33+T33)/E33)))+(((S33+T33)/E33-TRUNC((S33+T33)/E33))*E33)/100 -> 58.03 | V33: =(F33*C33+G33*C33+H33*C33+I33*C33+J33*C33+K33*C33+L33*D33+M33*D33+N33*D33+O33*D33+P33*1+Q33*1+R33*1+(TRUNC((S33+T33)/E33))) -> 58 | W33: =(((S33+T33)/E33-TRUNC((S33+T33)/E33))*E33) -> 3 | X33: =V33+W33/E33 -> 58.25 | Y33: =TODAY() -> 46104 | AB33: =AA33-Y33 -> -46104
A34: ='MODIFICAR CODIGOS '!A34 -> 160100 | B34: ='MODIFICAR CODIGOS '!B34 -> SCHEPPES GINGER 1,5 LTS | C34: ='MODIFICAR CODIGOS '!C34 -> 65 | D34: ='MODIFICAR CODIGOS '!D34 -> 13 | E34: ='MODIFICAR CODIGOS '!E34 -> 12 | Q34: 6 | S34: 1 | U34: =(F34*C34+G34*C34+H34*C34+I34*C34+J34*C34+K34*C34+L34*D34+M34*D34+N34*D34+O34*D34+P34*1+Q34*1+R34*1+(TRUNC((S34+T34)/E34)))+(((S34+T34)/E34-TRUNC((S34+T34)/E34))*E34)/100 -> 6.01 | V34: =(F34*C34+G34*C34+H34*C34+I34*C34+J34*C34+K34*C34+L34*D34+M34*D34+N34*D34+O34*D34+P34*1+Q34*1+R34*1+(TRUNC((S34+T34)/E34))) -> 6 | W34: =(((S34+T34)/E34-TRUNC((S34+T34)/E34))*E34) -> 1 | X34: =V34+W34/E34 -> 6.0833333 | Y34: =TODAY() -> 46104 | AB34: =AA34-Y34 -> -46104
A35: ='MODIFICAR CODIGOS '!A35 -> 160101 | B35: ='MODIFICAR CODIGOS '!B35 -> SCHEPPES SODA 1,5 LTS | C35: ='MODIFICAR CODIGOS '!C35 -> 65 | D35: ='MODIFICAR CODIGOS '!D35 -> 13 | E35: ='MODIFICAR CODIGOS '!E35 -> 12 | O35: 2 | P35: 9 | S35: 2 | U35: =(F35*C35+G35*C35+H35*C35+I35*C35+J35*C35+K35*C35+L35*D35+M35*D35+N35*D35+O35*D35+P35*1+Q35*1+R35*1+(TRUNC((S35+T35)/E35)))+(((S35+T35)/E35-TRUNC((S35+T35)/E35))*E35)/100 -> 35.02 | V35: =(F35*C35+G35*C35+H35*C35+I35*C35+J35*C35+K35*C35+L35*D35+M35*D35+N35*D35+O35*D35+P35*1+Q35*1+R35*1+(TRUNC((S35+T35)/E35))) -> 35 | W35: =(((S35+T35)/E35-TRUNC((S35+T35)/E35))*E35) -> 2 | X35: =V35+W35/E35 -> 35.166667 | Y35: =TODAY() -> 46104 | AB35: =AA35-Y35 -> -46104
A36: ='MODIFICAR CODIGOS '!A36 -> 160099 | B36: ='MODIFICAR CODIGOS '!B36 -> KOLA ROMA 1,5 LTS | C36: ='MODIFICAR CODIGOS '!C36 -> 65 | D36: ='MODIFICAR CODIGOS '!D36 -> 13 | E36: ='MODIFICAR CODIGOS '!E36 -> 12 | Q36: 3 | S36: 2 | U36: =(F36*C36+G36*C36+H36*C36+I36*C36+J36*C36+K36*C36+L36*D36+M36*D36+N36*D36+O36*D36+P36*1+Q36*1+R36*1+(TRUNC((S36+T36)/E36)))+(((S36+T36)/E36-TRUNC((S36+T36)/E36))*E36)/100 -> 3.02 | V36: =(F36*C36+G36*C36+H36*C36+I36*C36+J36*C36+K36*C36+L36*D36+M36*D36+N36*D36+O36*D36+P36*1+Q36*1+R36*1+(TRUNC((S36+T36)/E36))) -> 3 | W36: =(((S36+T36)/E36-TRUNC((S36+T36)/E36))*E36) -> 2 | X36: =V36+W36/E36 -> 3.1666667 | Y36: =TODAY() -> 46104 | AB36: =AA36-Y36 -> -46104
A37: * | V37: =(F37*C37+G37*C37+H37*C37+I37*C37+J37*C37+K37*C37+L37*D37+M37*D37+N37*D37+O37*D37+P37*1+Q37*1+R37*1+(TRUNC((S37+T37)/E37))) -> #DIV/0! | W37: =(((S37+T37)/E37-TRUNC((S37+T37)/E37))*E37) -> #DIV/0! | AB37: =AA37-Y37 -> 0
A38: ='MODIFICAR CODIGOS '!A38 -> 0 | B38: ='MODIFICAR CODIGOS '!B38 -> 0 | C38: ='MODIFICAR CODIGOS '!C38 -> 0 | D38: ='MODIFICAR CODIGOS '!D38 -> 0 | E38: ='MODIFICAR CODIGOS '!E38 -> 1 | U38: =(F38*C38+G38*C38+H38*C38+I38*C38+J38*C38+K38*C38+L38*D38+M38*D38+N38*D38+O38*D38+P38*1+Q38*1+R38*1+(TRUNC((S38+T38)/E38)))+(((S38+T38)/E38-TRUNC((S38+T38)/E38))*E38)/100 -> 0 | V38: =(F38*C38+G38*C38+H38*C38+I38*C38+J38*C38+K38*C38+L38*D38+M38*D38+N38*D38+O38*D38+P38*1+Q38*1+R38*1+(TRUNC((S38+T38)/E38))) -> 0 | W38: =(((S38+T38)/E38-TRUNC((S38+T38)/E38))*E38) -> 0 | X38: =V38+W38/E38 -> 0 | Y38: =TODAY() -> 46104 | AB38: =AA38-Y38 -> -46104
A39: ='MODIFICAR CODIGOS '!A39 -> 136133 | B39: ='MODIFICAR CODIGOS '!B39 -> COCA COLA 2.25L PET(8) EINSTEIN | C39: ='MODIFICAR CODIGOS '!C39 -> 60 | D39: ='MODIFICAR CODIGOS '!D39 -> 12 | E39: ='MODIFICAR CODIGOS '!E39 -> 8 | H39: 2 | Q39: 7 | S39: 1 | U39: =(F39*C39+G39*C39+H39*C39+I39*C39+J39*C39+K39*C39+L39*D39+M39*D39+N39*D39+O39*D39+P39*1+Q39*1+R39*1+(TRUNC((S39+T39)/E39)))+(((S39+T39)/E39-TRUNC((S39+T39)/E39))*E39)/100 -> 127.01 | V39: =(F39*C39+G39*C39+H39*C39+I39*C39+J39*C39+K39*C39+L39*D39+M39*D39+N39*D39+O39*D39+P39*1+Q39*1+R39*1+(TRUNC((S39+T39)/E39))) -> 127 | W39: =(((S39+T39)/E39-TRUNC((S39+T39)/E39))*E39) -> 1 | X39: =V39+W39/E39 -> 127.125 | Y39: =TODAY() -> 46104 | AB39: =AA39-Y39 -> -46104
A40: ='MODIFICAR CODIGOS '!A40 -> 0 | B40: ='MODIFICAR CODIGOS '!B40 -> 0 | C40: ='MODIFICAR CODIGOS '!C40 -> 0 | D40: ='MODIFICAR CODIGOS '!D40 -> 0 | E40: ='MODIFICAR CODIGOS '!E40 -> 1 | U40: =(F40*C40+G40*C40+H40*C40+I40*C40+J40*C40+K40*C40+L40*D40+M40*D40+N40*D40+O40*D40+P40*1+Q40*1+R40*1+(TRUNC((S40+T40)/E40)))+(((S40+T40)/E40-TRUNC((S40+T40)/E40))*E40)/100 -> 0 | V40: =(F40*C40+G40*C40+H40*C40+I40*C40+J40*C40+K40*C40+L40*D40+M40*D40+N40*D40+O40*D40+P40*1+Q40*1+R40*1+(TRUNC((S40+T40)/E40))) -> 0 | W40: =(((S40+T40)/E40-TRUNC((S40+T40)/E40))*E40) -> 0 | X40: =V40+W40/E40 -> 0 | Y40: =TODAY() -> 46104 | AB40: =AA40-Y40 -> -46104
A41: ='MODIFICAR CODIGOS '!A41 -> 0 | B41: ='MODIFICAR CODIGOS '!B41 -> 0 | C41: ='MODIFICAR CODIGOS '!C41 -> 0 | D41: ='MODIFICAR CODIGOS '!D41 -> 0 | E41: ='MODIFICAR CODIGOS '!E41 -> 1 | U41: =(F41*C41+G41*C41+H41*C41+I41*C41+J41*C41+K41*C41+L41*D41+M41*D41+N41*D41+O41*D41+P41*1+Q41*1+R41*1+(TRUNC((S41+T41)/E41)))+(((S41+T41)/E41-TRUNC((S41+T41)/E41))*E41)/100 -> 0 | V41: =(F41*C41+G41*C41+H41*C41+I41*C41+J41*C41+K41*C41+L41*D41+M41*D41+N41*D41+O41*D41+P41*1+Q41*1+R41*1+(TRUNC((S41+T41)/E41))) -> 0 | W41: =(((S41+T41)/E41-TRUNC((S41+T41)/E41))*E41) -> 0 | X41: =V41+W41/E41 -> 0 | Y41: =TODAY() -> 46104 | AB41: =AA41-Y41 -> -46104
A42: ='MODIFICAR CODIGOS '!A42 -> 0 | B42: ='MODIFICAR CODIGOS '!B42 -> 0 | C42: ='MODIFICAR CODIGOS '!C42 -> 0 | D42: ='MODIFICAR CODIGOS '!D42 -> 0 | E42: ='MODIFICAR CODIGOS '!E42 -> 1 | U42: =(F42*C42+G42*C42+H42*C42+I42*C42+J42*C42+K42*C42+L42*D42+M42*D42+N42*D42+O42*D42+P42*1+Q42*1+R42*1+(TRUNC((S42+T42)/E42)))+(((S42+T42)/E42-TRUNC((S42+T42)/E42))*E42)/100 -> 0 | V42: =(F42*C42+G42*C42+H42*C42+I42*C42+J42*C42+K42*C42+L42*D42+M42*D42+N42*D42+O42*D42+P42*1+Q42*1+R42*1+(TRUNC((S42+T42)/E42))) -> 0 | W42: =(((S42+T42)/E42-TRUNC((S42+T42)/E42))*E42) -> 0 | X42: =V42+W42/E42 -> 0 | Y42: =TODAY() -> 46104 | AB42: =AA42-Y42 -> -46104
A43: ='MODIFICAR CODIGOS '!A43 -> 0 | B43: ='MODIFICAR CODIGOS '!B43 -> 0 | C43: ='MODIFICAR CODIGOS '!C43 -> 0 | D43: ='MODIFICAR CODIGOS '!D43 -> 0 | E43: ='MODIFICAR CODIGOS '!E43 -> 1 | U43: =(F43*C43+G43*C43+H43*C43+I43*C43+J43*C43+K43*C43+L43*D43+M43*D43+N43*D43+O43*D43+P43*1+Q43*1+R43*1+(TRUNC((S43+T43)/E43)))+(((S43+T43)/E43-TRUNC((S43+T43)/E43))*E43)/100 -> 0 | V43: =(F43*C43+G43*C43+H43*C43+I43*C43+J43*C43+K43*C43+L43*D43+M43*D43+N43*D43+O43*D43+P43*1+Q43*1+R43*1+(TRUNC((S43+T43)/E43))) -> 0 | W43: =(((S43+T43)/E43-TRUNC((S43+T43)/E43))*E43) -> 0 | X43: =V43+W43/E43 -> 0 | Y43: =TODAY() -> 46104 | AB43: =AA43-Y43 -> -46104
A44: ='MODIFICAR CODIGOS '!A44 -> 0 | B44: ='MODIFICAR CODIGOS '!B44 -> 0 | C44: ='MODIFICAR CODIGOS '!C44 -> 0 | D44: ='MODIFICAR CODIGOS '!D44 -> 0 | E44: ='MODIFICAR CODIGOS '!E44 -> 1 | U44: =(F44*C44+G44*C44+H44*C44+I44*C44+J44*C44+K44*C44+L44*D44+M44*D44+N44*D44+O44*D44+P44*1+Q44*1+R44*1+(TRUNC((S44+T44)/E44)))+(((S44+T44)/E44-TRUNC((S44+T44)/E44))*E44)/100 -> 0 | V44: =(F44*C44+G44*C44+H44*C44+I44*C44+J44*C44+K44*C44+L44*D44+M44*D44+N44*D44+O44*D44+P44*1+Q44*1+R44*1+(TRUNC((S44+T44)/E44))) -> 0 | W44: =(((S44+T44)/E44-TRUNC((S44+T44)/E44))*E44) -> 0 | X44: =V44+W44/E44 -> 0 | Y44: =TODAY() -> 46104 | AB44: =AA44-Y44 -> -46104
A45: ='MODIFICAR CODIGOS '!A45 -> 0 | B45: ='MODIFICAR CODIGOS '!B45 -> 0 | C45: ='MODIFICAR CODIGOS '!C45 -> 0 | D45: ='MODIFICAR CODIGOS '!D45 -> 0 | E45: ='MODIFICAR CODIGOS '!E45 -> 1 | U45: =(F45*C45+G45*C45+H45*C45+I45*C45+J45*C45+K45*C45+L45*D45+M45*D45+N45*D45+O45*D45+P45*1+Q45*1+R45*1+(TRUNC((S45+T45)/E45)))+(((S45+T45)/E45-TRUNC((S45+T45)/E45))*E45)/100 -> 0 | V45: =(F45*C45+G45*C45+H45*C45+I45*C45+J45*C45+K45*C45+L45*D45+M45*D45+N45*D45+O45*D45+P45*1+Q45*1+R45*1+(TRUNC((S45+T45)/E45))) -> 0 | W45: =(((S45+T45)/E45-TRUNC((S45+T45)/E45))*E45) -> 0 | X45: =V45+W45/E45 -> 0 | Y45: =TODAY() -> 46104 | AB45: =AA45-Y45 -> -46104
A46: ='MODIFICAR CODIGOS '!A46 -> 0 | B46: ='MODIFICAR CODIGOS '!B46 -> 0 | C46: ='MODIFICAR CODIGOS '!C46 -> 0 | D46: ='MODIFICAR CODIGOS '!D46 -> 0 | E46: ='MODIFICAR CODIGOS '!E46 -> 1 | U46: =(F46*C46+G46*C46+H46*C46+I46*C46+J46*C46+K46*C46+L46*D46+M46*D46+N46*D46+O46*D46+P46*1+Q46*1+R46*1+(TRUNC((S46+T46)/E46)))+(((S46+T46)/E46-TRUNC((S46+T46)/E46))*E46)/100 -> 0 | V46: =(F46*C46+G46*C46+H46*C46+I46*C46+J46*C46+K46*C46+L46*D46+M46*D46+N46*D46+O46*D46+P46*1+Q46*1+R46*1+(TRUNC((S46+T46)/E46))) -> 0 | W46: =(((S46+T46)/E46-TRUNC((S46+T46)/E46))*E46) -> 0 | X46: =V46+W46/E46 -> 0 | Y46: =TODAY() -> 46104 | AB46: =AA46-Y46 -> -46104
A47: ='MODIFICAR CODIGOS '!A47 -> 0 | B47: ='MODIFICAR CODIGOS '!B47 -> 0 | C47: ='MODIFICAR CODIGOS '!C47 -> 0 | D47: ='MODIFICAR CODIGOS '!D47 -> 0 | E47: ='MODIFICAR CODIGOS '!E47 -> 1 | U47: =(F47*C47+G47*C47+H47*C47+I47*C47+J47*C47+K47*C47+L47*D47+M47*D47+N47*D47+O47*D47+P47*1+Q47*1+R47*1+(TRUNC((S47+T47)/E47)))+(((S47+T47)/E47-TRUNC((S47+T47)/E47))*E47)/100 -> 0 | V47: =(F47*C47+G47*C47+H47*C47+I47*C47+J47*C47+K47*C47+L47*D47+M47*D47+N47*D47+O47*D47+P47*1+Q47*1+R47*1+(TRUNC((S47+T47)/E47))) -> 0 | W47: =(((S47+T47)/E47-TRUNC((S47+T47)/E47))*E47) -> 0 | X47: =V47+W47/E47 -> 0 | Y47: =TODAY() -> 46104 | AB47: =AA47-Y47 -> -46104
A48: ='MODIFICAR CODIGOS '!A48 -> 0 | B48: ='MODIFICAR CODIGOS '!B48 -> 0 | C48: ='MODIFICAR CODIGOS '!C48 -> 0 | D48: ='MODIFICAR CODIGOS '!D48 -> 0 | E48: ='MODIFICAR CODIGOS '!E48 -> 1 | U48: =(F48*C48+G48*C48+H48*C48+I48*C48+J48*C48+K48*C48+L48*D48+M48*D48+N48*D48+O48*D48+P48*1+Q48*1+R48*1+(TRUNC((S48+T48)/E48)))+(((S48+T48)/E48-TRUNC((S48+T48)/E48))*E48)/100 -> 0 | V48: =(F48*C48+G48*C48+H48*C48+I48*C48+J48*C48+K48*C48+L48*D48+M48*D48+N48*D48+O48*D48+P48*1+Q48*1+R48*1+(TRUNC((S48+T48)/E48))) -> 0 | W48: =(((S48+T48)/E48-TRUNC((S48+T48)/E48))*E48) -> 0 | X48: =V48+W48/E48 -> 0 | Y48: =TODAY() -> 46104 | AB48: =AA48-Y48 -> -46104
A49: ='MODIFICAR CODIGOS '!A49 -> 0 | B49: ='MODIFICAR CODIGOS '!B49 -> 0 | C49: ='MODIFICAR CODIGOS '!C49 -> 0 | D49: ='MODIFICAR CODIGOS '!D49 -> 0 | E49: ='MODIFICAR CODIGOS '!E49 -> 1 | U49: =(F49*C49+G49*C49+H49*C49+I49*C49+J49*C49+K49*C49+L49*D49+M49*D49+N49*D49+O49*D49+P49*1+Q49*1+R49*1+(TRUNC((S49+T49)/E49)))+(((S49+T49)/E49-TRUNC((S49+T49)/E49))*E49)/100 -> 0 | V49: =(F49*C49+G49*C49+H49*C49+I49*C49+J49*C49+K49*C49+L49*D49+M49*D49+N49*D49+O49*D49+P49*1+Q49*1+R49*1+(TRUNC((S49+T49)/E49))) -> 0 | W49: =(((S49+T49)/E49-TRUNC((S49+T49)/E49))*E49) -> 0 | X49: =V49+W49/E49 -> 0 | Y49: =TODAY() -> 46104 | AB49: =AA49-Y49 -> -46104
A50: ='MODIFICAR CODIGOS '!A50 -> 0 | B50: ='MODIFICAR CODIGOS '!B50 -> 0 | C50: ='MODIFICAR CODIGOS '!C50 -> 0 | D50: ='MODIFICAR CODIGOS '!D50 -> 0 | E50: ='MODIFICAR CODIGOS '!E50 -> 1 | U50: =(F50*C50+G50*C50+H50*C50+I50*C50+J50*C50+K50*C50+L50*D50+M50*D50+N50*D50+O50*D50+P50*1+Q50*1+R50*1+(TRUNC((S50+T50)/E50)))+(((S50+T50)/E50-TRUNC((S50+T50)/E50))*E50)/100 -> 0 | V50: =(F50*C50+G50*C50+H50*C50+I50*C50+J50*C50+K50*C50+L50*D50+M50*D50+N50*D50+O50*D50+P50*1+Q50*1+R50*1+(TRUNC((S50+T50)/E50))) -> 0 | W50: =(((S50+T50)/E50-TRUNC((S50+T50)/E50))*E50) -> 0 | X50: =V50+W50/E50 -> 0 | Y50: =TODAY() -> 46104 | AB50: =AA50-Y50 -> -46104
A51: ='MODIFICAR CODIGOS '!A51 -> 0 | B51: ='MODIFICAR CODIGOS '!B51 -> 0 | C51: ='MODIFICAR CODIGOS '!C51 -> 0 | D51: ='MODIFICAR CODIGOS '!D51 -> 0 | E51: ='MODIFICAR CODIGOS '!E51 -> 1 | U51: =(F51*C51+G51*C51+H51*C51+I51*C51+J51*C51+K51*C51+L51*D51+M51*D51+N51*D51+O51*D51+P51*1+Q51*1+R51*1+(TRUNC((S51+T51)/E51)))+(((S51+T51)/E51-TRUNC((S51+T51)/E51))*E51)/100 -> 0 | V51: =(F51*C51+G51*C51+H51*C51+I51*C51+J51*C51+K51*C51+L51*D51+M51*D51+N51*D51+O51*D51+P51*1+Q51*1+R51*1+(TRUNC((S51+T51)/E51))) -> 0 | W51: =(((S51+T51)/E51-TRUNC((S51+T51)/E51))*E51) -> 0 | X51: =V51+W51/E51 -> 0 | Y51: =TODAY() -> 46104 | AB51: =AA51-Y51 -> -46104
A52: * | V52: =(F52*C52+G52*C52+H52*C52+I52*C52+J52*C52+K52*C52+L52*D52+M52*D52+N52*D52+O52*D52+P52*1+Q52*1+R52*1+(TRUNC((S52+T52)/E52))) -> #DIV/0! | W52: =(((S52+T52)/E52-TRUNC((S52+T52)/E52))*E52) -> #DIV/0! | AB52: =AA52-Y52 -> 0
A53: ='MODIFICAR CODIGOS '!A53 -> 0 | B53: ='MODIFICAR CODIGOS '!B53 -> 0 | C53: ='MODIFICAR CODIGOS '!C53 -> 0 | D53: ='MODIFICAR CODIGOS '!D53 -> 0 | E53: ='MODIFICAR CODIGOS '!E53 -> 1 | U53: =(F53*C53+G53*C53+H53*C53+I53*C53+J53*C53+K53*C53+L53*D53+M53*D53+N53*D53+O53*D53+P53*1+Q53*1+R53*1+(TRUNC((S53+T53)/E53)))+(((S53+T53)/E53-TRUNC((S53+T53)/E53))*E53)/100 -> 0 | V53: =(F53*C53+G53*C53+H53*C53+I53*C53+J53*C53+K53*C53+L53*D53+M53*D53+N53*D53+O53*D53+P53*1+Q53*1+R53*1+(TRUNC((S53+T53)/E53))) -> 0 | W53: =(((S53+T53)/E53-TRUNC((S53+T53)/E53))*E53) -> 0 | X53: =V53+W53/E53 -> 0 | Y53: =TODAY() -> 46104 | AB53: =AA53-Y53 -> -46104
A54: ='MODIFICAR CODIGOS '!A54 -> 0 | B54: ='MODIFICAR CODIGOS '!B54 -> 0 | C54: ='MODIFICAR CODIGOS '!C54 -> 0 | D54: ='MODIFICAR CODIGOS '!D54 -> 0 | E54: ='MODIFICAR CODIGOS '!E54 -> 1 | U54: =(F54*C54+G54*C54+H54*C54+I54*C54+J54*C54+K54*C54+L54*D54+M54*D54+N54*D54+O54*D54+P54*1+Q54*1+R54*1+(TRUNC((S54+T54)/E54)))+(((S54+T54)/E54-TRUNC((S54+T54)/E54))*E54)/100 -> 0 | V54: =(F54*C54+G54*C54+H54*C54+I54*C54+J54*C54+K54*C54+L54*D54+M54*D54+N54*D54+O54*D54+P54*1+Q54*1+R54*1+(TRUNC((S54+T54)/E54))) -> 0 | W54: =(((S54+T54)/E54-TRUNC((S54+T54)/E54))*E54) -> 0 | X54: =V54+W54/E54 -> 0 | Y54: =TODAY() -> 46104 | AB54: =AA54-Y54 -> -46104
A55: ='MODIFICAR CODIGOS '!A55 -> 0 | B55: ='MODIFICAR CODIGOS '!B55 -> 0 | C55: ='MODIFICAR CODIGOS '!C55 -> 0 | D55: ='MODIFICAR CODIGOS '!D55 -> 0 | E55: ='MODIFICAR CODIGOS '!E55 -> 1 | U55: =(F55*C55+G55*C55+H55*C55+I55*C55+J55*C55+K55*C55+L55*D55+M55*D55+N55*D55+O55*D55+P55*1+Q55*1+R55*1+(TRUNC((S55+T55)/E55)))+(((S55+T55)/E55-TRUNC((S55+T55)/E55))*E55)/100 -> 0 | V55: =(F55*C55+G55*C55+H55*C55+I55*C55+J55*C55+K55*C55+L55*D55+M55*D55+N55*D55+O55*D55+P55*1+Q55*1+R55*1+(TRUNC((S55+T55)/E55))) -> 0 | W55: =(((S55+T55)/E55-TRUNC((S55+T55)/E55))*E55) -> 0 | X55: =V55+W55/E55 -> 0 | Y55: =TODAY() -> 46104 | AB55: =AA55-Y55 -> -46104
A56: * | V56: =(F56*C56+G56*C56+H56*C56+I56*C56+J56*C56+K56*C56+L56*D56+M56*D56+N56*D56+O56*D56+P56*1+Q56*1+R56*1+(TRUNC((S56+T56)/E56))) -> #DIV/0! | W56: =(((S56+T56)/E56-TRUNC((S56+T56)/E56))*E56) -> #DIV/0! | AB56: =AA56-Y56 -> 0
A57: ='MODIFICAR CODIGOS '!A57 -> 0 | B57: ='MODIFICAR CODIGOS '!B57 -> 0 | C57: ='MODIFICAR CODIGOS '!C57 -> 0 | D57: ='MODIFICAR CODIGOS '!D57 -> 0 | E57: ='MODIFICAR CODIGOS '!E57 -> 1 | U57: =(F57*C57+G57*C57+H57*C57+I57*C57+J57*C57+K57*C57+L57*D57+M57*D57+N57*D57+O57*D57+P57*1+Q57*1+R57*1+(TRUNC((S57+T57)/E57)))+(((S57+T57)/E57-TRUNC((S57+T57)/E57))*E57)/100 -> 0 | V57: =(F57*C57+G57*C57+H57*C57+I57*C57+J57*C57+K57*C57+L57*D57+M57*D57+N57*D57+O57*D57+P57*1+Q57*1+R57*1+(TRUNC((S57+T57)/E57))) -> 0 | W57: =(((S57+T57)/E57-TRUNC((S57+T57)/E57))*E57) -> 0 | X57: =V57+W57/E57 -> 0 | Y57: =TODAY() -> 46104 | AB57: =AA57-Y57 -> -46104
A58: ='MODIFICAR CODIGOS '!A58 -> 0 | B58: ='MODIFICAR CODIGOS '!B58 -> 0 | C58: ='MODIFICAR CODIGOS '!C58 -> 0 | D58: ='MODIFICAR CODIGOS '!D58 -> 0 | E58: ='MODIFICAR CODIGOS '!E58 -> 1 | U58: =(F58*C58+G58*C58+H58*C58+I58*C58+J58*C58+K58*C58+L58*D58+M58*D58+N58*D58+O58*D58+P58*1+Q58*1+R58*1+(TRUNC((S58+T58)/E58)))+(((S58+T58)/E58-TRUNC((S58+T58)/E58))*E58)/100 -> 0 | V58: =(F58*C58+G58*C58+H58*C58+I58*C58+J58*C58+K58*C58+L58*D58+M58*D58+N58*D58+O58*D58+P58*1+Q58*1+R58*1+(TRUNC((S58+T58)/E58))) -> 0 | W58: =(((S58+T58)/E58-TRUNC((S58+T58)/E58))*E58) -> 0 | X58: =V58+W58/E58 -> 0 | Y58: =TODAY() -> 46104 | AB58: =AA58-Y58 -> -46104
A59: ='MODIFICAR CODIGOS '!A59 -> 0 | B59: ='MODIFICAR CODIGOS '!B59 -> 0 | C59: ='MODIFICAR CODIGOS '!C59 -> 0 | D59: ='MODIFICAR CODIGOS '!D59 -> 0 | E59: ='MODIFICAR CODIGOS '!E59 -> 1 | U59: =(F59*C59+G59*C59+H59*C59+I59*C59+J59*C59+K59*C59+L59*D59+M59*D59+N59*D59+O59*D59+P59*1+Q59*1+R59*1+(TRUNC((S59+T59)/E59)))+(((S59+T59)/E59-TRUNC((S59+T59)/E59))*E59)/100 -> 0 | V59: =(F59*C59+G59*C59+H59*C59+I59*C59+J59*C59+K59*C59+L59*D59+M59*D59+N59*D59+O59*D59+P59*1+Q59*1+R59*1+(TRUNC((S59+T59)/E59))) -> 0 | W59: =(((S59+T59)/E59-TRUNC((S59+T59)/E59))*E59) -> 0 | X59: =V59+W59/E59 -> 0 | Y59: =TODAY() -> 46104 | AB59: =AA59-Y59 -> -46104
A60: ='MODIFICAR CODIGOS '!A60 -> 0 | B60: ='MODIFICAR CODIGOS '!B60 -> 0 | C60: ='MODIFICAR CODIGOS '!C60 -> 0 | D60: ='MODIFICAR CODIGOS '!D60 -> 0 | E60: ='MODIFICAR CODIGOS '!E60 -> 1 | U60: =(F60*C60+G60*C60+H60*C60+I60*C60+J60*C60+K60*C60+L60*D60+M60*D60+N60*D60+O60*D60+P60*1+Q60*1+R60*1+(TRUNC((S60+T60)/E60)))+(((S60+T60)/E60-TRUNC((S60+T60)/E60))*E60)/100 -> 0 | V60: =(F60*C60+G60*C60+H60*C60+I60*C60+J60*C60+K60*C60+L60*D60+M60*D60+N60*D60+O60*D60+P60*1+Q60*1+R60*1+(TRUNC((S60+T60)/E60))) -> 0 | W60: =(((S60+T60)/E60-TRUNC((S60+T60)/E60))*E60) -> 0 | X60: =V60+W60/E60 -> 0 | Y60: =TODAY() -> 46104 | AB60: =AA60-Y60 -> -46104
A61: CODIGO | B61: PRODUCTO | C61: Estiba | D61: Piso | E61: PACAS | F61: ESTIBAS | L61: PISO | P61: CAJAS | S61: UND | U61: TOTAL | V61: =(F61*C61+G61*C61+H61*C61+I61*C61+J61*C61+K61*C61+L61*D61+M61*D61+N61*D61+O61*D61+P61*1+Q61*1+R61*1+(TRUNC((S61+T61)/E61))) -> #VALUE! | W61: =(((S61+T61)/E61-TRUNC((S61+T61)/E61))*E61) -> #VALUE! | X61: DECIMALES | Y61: FECHA | AA61: FECHA TPM | AB61: DIAS X VENCER
A62: ='MODIFICAR CODIGOS '!A62 -> 0 | B62: ='MODIFICAR CODIGOS '!B62 -> 0 | C62: ='MODIFICAR CODIGOS '!C62 -> 0 | D62: ='MODIFICAR CODIGOS '!D62 -> 0 | E62: ='MODIFICAR CODIGOS '!E62 -> 1 | U62: =(F62*C62+G62*C62+H62*C62+I62*C62+J62*C62+K62*C62+L62*D62+M62*D62+N62*D62+O62*D62+P62*1+Q62*1+R62*1+(TRUNC((S62+T62)/E62)))+(((S62+T62)/E62-TRUNC((S62+T62)/E62))*E62)/100 -> 0 | V62: =(F62*C62+G62*C62+H62*C62+I62*C62+J62*C62+K62*C62+L62*D62+M62*D62+N62*D62+O62*D62+P62*1+Q62*1+R62*1+(TRUNC((S62+T62)/E62))) -> 0 | W62: =(((S62+T62)/E62-TRUNC((S62+T62)/E62))*E62) -> 0 | X62: =V62+W62/E62 -> 0 | Y62: =TODAY() -> 46104 | AB62: =AA62-Y62 -> -46104
A63: ='MODIFICAR CODIGOS '!A63 -> 135662 | B63: ='MODIFICAR CODIGOS '!B63 -> COCA-COLA 3 LITROS PET(6) Nvo | C63: ='MODIFICAR CODIGOS '!C63 -> 60 | D63: ='MODIFICAR CODIGOS '!D63 -> 15 | E63: ='MODIFICAR CODIGOS '!E63 -> 6 | I63: 11 | J63: 5 | Q63: 7 | S63: 2 | U63: =(F63*C63+G63*C63+H63*C63+I63*C63+J63*C63+K63*C63+L63*D63+M63*D63+N63*D63+O63*D63+P63*1+Q63*1+R63*1+(TRUNC((S63+T63)/E63)))+(((S63+T63)/E63-TRUNC((S63+T63)/E63))*E63)/100 -> 967.02 | V63: =(F63*C63+G63*C63+H63*C63+I63*C63+J63*C63+K63*C63+L63*D63+M63*D63+N63*D63+O63*D63+P63*1+Q63*1+R63*1+(TRUNC((S63+T63)/E63))) -> 967 | W63: =(((S63+T63)/E63-TRUNC((S63+T63)/E63))*E63) -> 2 | X63: =V63+W63/E63 -> 967.33333 | Y63: =TODAY() -> 46104 | AB63: =AA63-Y63 -> -46104
A64: ='MODIFICAR CODIGOS '!A64 -> 160124 | B64: ='MODIFICAR CODIGOS '!B64 -> SPRITE 3 LTS PET (6) | C64: ='MODIFICAR CODIGOS '!C64 -> 60 | D64: ='MODIFICAR CODIGOS '!D64 -> 15 | E64: ='MODIFICAR CODIGOS '!E64 -> 6 | U64: =(F64*C64+G64*C64+H64*C64+I64*C64+J64*C64+K64*C64+L64*D64+M64*D64+N64*D64+O64*D64+P64*1+Q64*1+R64*1+(TRUNC((S64+T64)/E64)))+(((S64+T64)/E64-TRUNC((S64+T64)/E64))*E64)/100 -> 0 | V64: =(F64*C64+G64*C64+H64*C64+I64*C64+J64*C64+K64*C64+L64*D64+M64*D64+N64*D64+O64*D64+P64*1+Q64*1+R64*1+(TRUNC((S64+T64)/E64))) -> 0 | W64: =(((S64+T64)/E64-TRUNC((S64+T64)/E64))*E64) -> 0 | X64: =V64+W64/E64 -> 0 | Y64: =TODAY() -> 46104 | AB64: =AA64-Y64 -> -46104
A65: ='MODIFICAR CODIGOS '!A65 -> 56711 | B65: ='MODIFICAR CODIGOS '!B65 -> QUATRO 3 LTS PET (6) | C65: ='MODIFICAR CODIGOS '!C65 -> 60 | D65: ='MODIFICAR CODIGOS '!D65 -> 15 | E65: ='MODIFICAR CODIGOS '!E65 -> 6 | O65: 3 | P65: 6 | S65: 3 | U65: =(F65*C65+G65*C65+H65*C65+I65*C65+J65*C65+K65*C65+L65*D65+M65*D65+N65*D65+O65*D65+P65*1+Q65*1+R65*1+(TRUNC((S65+T65)/E65)))+(((S65+T65)/E65-TRUNC((S65+T65)/E65))*E65)/100 -> 51.03 | V65: =(F65*C65+G65*C65+H65*C65+I65*C65+J65*C65+K65*C65+L65*D65+M65*D65+N65*D65+O65*D65+P65*1+Q65*1+R65*1+(TRUNC((S65+T65)/E65))) -> 51 | W65: =(((S65+T65)/E65-TRUNC((S65+T65)/E65))*E65) -> 3 | X65: =V65+W65/E65 -> 51.5 | Y65: =TODAY() -> 46104 | AB65: =AA65-Y65 -> -46104
A66: ='MODIFICAR CODIGOS '!A66 -> 56625 | B66: ='MODIFICAR CODIGOS '!B66 -> PREMIO ROJO 3 LTS PET (6) | C66: ='MODIFICAR CODIGOS '!C66 -> 60 | D66: ='MODIFICAR CODIGOS '!D66 -> 15 | E66: ='MODIFICAR CODIGOS '!E66 -> 6 | Q66: 3 | S66: 2 | U66: =(F66*C66+G66*C66+H66*C66+I66*C66+J66*C66+K66*C66+L66*D66+M66*D66+N66*D66+O66*D66+P66*1+Q66*1+R66*1+(TRUNC((S66+T66)/E66)))+(((S66+T66)/E66-TRUNC((S66+T66)/E66))*E66)/100 -> 3.02 | V66: =(F66*C66+G66*C66+H66*C66+I66*C66+J66*C66+K66*C66+L66*D66+M66*D66+N66*D66+O66*D66+P66*1+Q66*1+R66*1+(TRUNC((S66+T66)/E66))) -> 3 | W66: =(((S66+T66)/E66-TRUNC((S66+T66)/E66))*E66) -> 2 | X66: =V66+W66/E66 -> 3.3333333 | Y66: =TODAY() -> 46104 | AB66: =AA66-Y66 -> -46104
A67: * | V67: =(F67*C67+G67*C67+H67*C67+I67*C67+J67*C67+K67*C67+L67*D67+M67*D67+N67*D67+O67*D67+P67*1+Q67*1+R67*1+(TRUNC((S67+T67)/E67))) -> #DIV/0! | W67: =(((S67+T67)/E67-TRUNC((S67+T67)/E67))*E67) -> #DIV/0! | AB67: =AA67-Y67 -> 0
A68: ='MODIFICAR CODIGOS '!A68 -> 0 | B68: ='MODIFICAR CODIGOS '!B68 -> 0 | C68: ='MODIFICAR CODIGOS '!C68 -> 0 | D68: ='MODIFICAR CODIGOS '!D68 -> 0 | E68: ='MODIFICAR CODIGOS '!E68 -> 1 | U68: =(F68*C68+G68*C68+H68*C68+I68*C68+J68*C68+K68*C68+L68*D68+M68*D68+N68*D68+O68*D68+P68*1+Q68*1+R68*1+(TRUNC((S68+T68)/E68)))+(((S68+T68)/E68-TRUNC((S68+T68)/E68))*E68)/100 -> 0 | V68: =(F68*C68+G68*C68+H68*C68+I68*C68+J68*C68+K68*C68+L68*D68+M68*D68+N68*D68+O68*D68+P68*1+Q68*1+R68*1+(TRUNC((S68+T68)/E68))) -> 0 | W68: =(((S68+T68)/E68-TRUNC((S68+T68)/E68))*E68) -> 0 | X68: =V68+W68/E68 -> 0 | Y68: =TODAY() -> 46104 | AB68: =AA68-Y68 -> -46104
A69: ='MODIFICAR CODIGOS '!A69 -> 135663 | B69: ='MODIFICAR CODIGOS '!B69 -> CC PET 2.5LTNR 8 PK Nvo | C69: ='MODIFICAR CODIGOS '!C69 -> 60 | D69: ='MODIFICAR CODIGOS '!D69 -> 12 | E69: ='MODIFICAR CODIGOS '!E69 -> 8 | U69: =(F69*C69+G69*C69+H69*C69+I69*C69+J69*C69+K69*C69+L69*D69+M69*D69+N69*D69+O69*D69+P69*1+Q69*1+R69*1+(TRUNC((S69+T69)/E69)))+(((S69+T69)/E69-TRUNC((S69+T69)/E69))*E69)/100 -> 0 | V69: =(F69*C69+G69*C69+H69*C69+I69*C69+J69*C69+K69*C69+L69*D69+M69*D69+N69*D69+O69*D69+P69*1+Q69*1+R69*1+(TRUNC((S69+T69)/E69))) -> 0 | W69: =(((S69+T69)/E69-TRUNC((S69+T69)/E69))*E69) -> 0 | X69: =V69+W69/E69 -> 0 | Y69: =TODAY() -> 46104 | AB69: =AA69-Y69 -> -46104
A70: ='MODIFICAR CODIGOS '!A70 -> 135755 | B70: ='MODIFICAR CODIGOS '!B70 -> COCA COLA ZERO 2.5 LTS (8) | C70: ='MODIFICAR CODIGOS '!C70 -> 60 | D70: ='MODIFICAR CODIGOS '!D70 -> 12 | E70: ='MODIFICAR CODIGOS '!E70 -> 8 | Q70: 1 | S70: 7 | U70: =(F70*C70+G70*C70+H70*C70+I70*C70+J70*C70+K70*C70+L70*D70+M70*D70+N70*D70+O70*D70+P70*1+Q70*1+R70*1+(TRUNC((S70+T70)/E70)))+(((S70+T70)/E70-TRUNC((S70+T70)/E70))*E70)/100 -> 1.07 | V70: =(F70*C70+G70*C70+H70*C70+I70*C70+J70*C70+K70*C70+L70*D70+M70*D70+N70*D70+O70*D70+P70*1+Q70*1+R70*1+(TRUNC((S70+T70)/E70))) -> 1 | W70: =(((S70+T70)/E70-TRUNC((S70+T70)/E70))*E70) -> 7 | X70: =V70+W70/E70 -> 1.875 | Y70: =TODAY() -> 46104 | AB70: =AA70-Y70 -> -46104
A71: ='MODIFICAR CODIGOS '!A71 -> 56820 | B71: ='MODIFICAR CODIGOS '!B71 -> QUATRO CHOICE 2.5L PET (8) | C71: ='MODIFICAR CODIGOS '!C71 -> 60 | D71: ='MODIFICAR CODIGOS '!D71 -> 12 | E71: ='MODIFICAR CODIGOS '!E71 -> 8 | O71: 3 | P71: 1 | S71: 3 | U71: =(F71*C71+G71*C71+H71*C71+I71*C71+J71*C71+K71*C71+L71*D71+M71*D71+N71*D71+O71*D71+P71*1+Q71*1+R71*1+(TRUNC((S71+T71)/E71)))+(((S71+T71)/E71-TRUNC((S71+T71)/E71))*E71)/100 -> 37.03 | V71: =(F71*C71+G71*C71+H71*C71+I71*C71+J71*C71+K71*C71+L71*D71+M71*D71+N71*D71+O71*D71+P71*1+Q71*1+R71*1+(TRUNC((S71+T71)/E71))) -> 37 | W71: =(((S71+T71)/E71-TRUNC((S71+T71)/E71))*E71) -> 3 | X71: =V71+W71/E71 -> 37.375 | Y71: =TODAY() -> 46104 | AB71: =AA71-Y71 -> -46104
A72: ='MODIFICAR CODIGOS '!A72 -> 0 | B72: ='MODIFICAR CODIGOS '!B72 -> 0 | C72: ='MODIFICAR CODIGOS '!C72 -> 0 | D72: ='MODIFICAR CODIGOS '!D72 -> 0 | E72: ='MODIFICAR CODIGOS '!E72 -> 1 | U72: =(F72*C72+G72*C72+H72*C72+I72*C72+J72*C72+K72*C72+L72*D72+M72*D72+N72*D72+O72*D72+P72*1+Q72*1+R72*1+(TRUNC((S72+T72)/E72)))+(((S72+T72)/E72-TRUNC((S72+T72)/E72))*E72)/100 -> 0 | V72: =(F72*C72+G72*C72+H72*C72+I72*C72+J72*C72+K72*C72+L72*D72+M72*D72+N72*D72+O72*D72+P72*1+Q72*1+R72*1+(TRUNC((S72+T72)/E72))) -> 0 | W72: =(((S72+T72)/E72-TRUNC((S72+T72)/E72))*E72) -> 0 | X72: =V72+W72/E72 -> 0 | Y72: =TODAY() -> 46104 | AB72: =AA72-Y72 -> -46104
A73: ='MODIFICAR CODIGOS '!A73 -> 0 | B73: ='MODIFICAR CODIGOS '!B73 -> 0 | C73: ='MODIFICAR CODIGOS '!C73 -> 0 | D73: ='MODIFICAR CODIGOS '!D73 -> 0 | E73: ='MODIFICAR CODIGOS '!E73 -> 1 | U73: =(F73*C73+G73*C73+H73*C73+I73*C73+J73*C73+K73*C73+L73*D73+M73*D73+N73*D73+O73*D73+P73*1+Q73*1+R73*1+(TRUNC((S73+T73)/E73)))+(((S73+T73)/E73-TRUNC((S73+T73)/E73))*E73)/100 -> 0 | V73: =(F73*C73+G73*C73+H73*C73+I73*C73+J73*C73+K73*C73+L73*D73+M73*D73+N73*D73+O73*D73+P73*1+Q73*1+R73*1+(TRUNC((S73+T73)/E73))) -> 0 | W73: =(((S73+T73)/E73-TRUNC((S73+T73)/E73))*E73) -> 0 | X73: =V73+W73/E73 -> 0 | Y73: =TODAY() -> 46104 | AB73: =AA73-Y73 -> -46104
A74: * | V74: =(F74*C74+G74*C74+H74*C74+I74*C74+J74*C74+K74*C74+L74*D74+M74*D74+N74*D74+O74*D74+P74*1+Q74*1+R74*1+(TRUNC((S74+T74)/E74))) -> #DIV/0! | W74: =(((S74+T74)/E74-TRUNC((S74+T74)/E74))*E74) -> #DIV/0! | AB74: =AA74-Y74 -> 0
A75: ='MODIFICAR CODIGOS '!A75 -> 160040 | B75: ='MODIFICAR CODIGOS '!B75 -> COCA-COLA 20 OZ PET(15) | C75: ='MODIFICAR CODIGOS '!C75 -> 119 | D75: ='MODIFICAR CODIGOS '!D75 -> 17 | E75: ='MODIFICAR CODIGOS '!E75 -> 15 | Q75: 1 | U75: =(F75*C75+G75*C75+H75*C75+I75*C75+J75*C75+K75*C75+L75*D75+M75*D75+N75*D75+O75*D75+P75*1+Q75*1+R75*1+(TRUNC((S75+T75)/E75)))+(((S75+T75)/E75-TRUNC((S75+T75)/E75))*E75)/100 -> 1 | V75: =(F75*C75+G75*C75+H75*C75+I75*C75+J75*C75+K75*C75+L75*D75+M75*D75+N75*D75+O75*D75+P75*1+Q75*1+R75*1+(TRUNC((S75+T75)/E75))) -> 1 | W75: =(((S75+T75)/E75-TRUNC((S75+T75)/E75))*E75) -> 0 | X75: =V75+W75/E75 -> 1 | Y75: =TODAY() -> 46104 | AB75: =AA75-Y75 -> -46104
A76: ='MODIFICAR CODIGOS '!A76 -> 135759 | B76: ='MODIFICAR CODIGOS '!B76 -> COCA-COLA ZERO 20 OZ PET(15) | C76: ='MODIFICAR CODIGOS '!C76 -> 119 | D76: ='MODIFICAR CODIGOS '!D76 -> 17 | E76: ='MODIFICAR CODIGOS '!E76 -> 15 | Q76: 21 | U76: =(F76*C76+G76*C76+H76*C76+I76*C76+J76*C76+K76*C76+L76*D76+M76*D76+N76*D76+O76*D76+P76*1+Q76*1+R76*1+(TRUNC((S76+T76)/E76)))+(((S76+T76)/E76-TRUNC((S76+T76)/E76))*E76)/100 -> 21 | V76: =(F76*C76+G76*C76+H76*C76+I76*C76+J76*C76+K76*C76+L76*D76+M76*D76+N76*D76+O76*D76+P76*1+Q76*1+R76*1+(TRUNC((S76+T76)/E76))) -> 21 | W76: =(((S76+T76)/E76-TRUNC((S76+T76)/E76))*E76) -> 0 | X76: =V76+W76/E76 -> 21 | Y76: =TODAY() -> 46104 | AB76: =AA76-Y76 -> -46104
A77: ='MODIFICAR CODIGOS '!A77 -> 0 | B77: ='MODIFICAR CODIGOS '!B77 -> 0 | C77: ='MODIFICAR CODIGOS '!C77 -> 0 | D77: ='MODIFICAR CODIGOS '!D77 -> 0 | E77: ='MODIFICAR CODIGOS '!E77 -> 1 | U77: =(F77*C77+G77*C77+H77*C77+I77*C77+J77*C77+K77*C77+L77*D77+M77*D77+N77*D77+O77*D77+P77*1+Q77*1+R77*1+(TRUNC((S77+T77)/E77)))+(((S77+T77)/E77-TRUNC((S77+T77)/E77))*E77)/100 -> 0 | V77: =(F77*C77+G77*C77+H77*C77+I77*C77+J77*C77+K77*C77+L77*D77+M77*D77+N77*D77+O77*D77+P77*1+Q77*1+R77*1+(TRUNC((S77+T77)/E77))) -> 0 | W77: =(((S77+T77)/E77-TRUNC((S77+T77)/E77))*E77) -> 0 | X77: =V77+W77/E77 -> 0 | Y77: =TODAY() -> 46104 | AB77: =AA77-Y77 -> -46104
A78: ='MODIFICAR CODIGOS '!A78 -> 0 | B78: ='MODIFICAR CODIGOS '!B78 -> 0 | C78: ='MODIFICAR CODIGOS '!C78 -> 0 | D78: ='MODIFICAR CODIGOS '!D78 -> 0 | E78: ='MODIFICAR CODIGOS '!E78 -> 1 | U78: =(F78*C78+G78*C78+H78*C78+I78*C78+J78*C78+K78*C78+L78*D78+M78*D78+N78*D78+O78*D78+P78*1+Q78*1+R78*1+(TRUNC((S78+T78)/E78)))+(((S78+T78)/E78-TRUNC((S78+T78)/E78))*E78)/100 -> 0 | V78: =(F78*C78+G78*C78+H78*C78+I78*C78+J78*C78+K78*C78+L78*D78+M78*D78+N78*D78+O78*D78+P78*1+Q78*1+R78*1+(TRUNC((S78+T78)/E78))) -> 0 | W78: =(((S78+T78)/E78-TRUNC((S78+T78)/E78))*E78) -> 0 | X78: =V78+W78/E78 -> 0 | Y78: =TODAY() -> 46104 | AB78: =AA78-Y78 -> -46104
A79: * | V79: =(F79*C79+G79*C79+H79*C79+I79*C79+J79*C79+K79*C79+L79*D79+M79*D79+N79*D79+O79*D79+P79*1+Q79*1+R79*1+(TRUNC((S79+T79)/E79))) -> #DIV/0! | W79: =(((S79+T79)/E79-TRUNC((S79+T79)/E79))*E79) -> #DIV/0! | AB79: =AA79-Y79 -> 0
A80: ='MODIFICAR CODIGOS '!A80 -> 135760 | B80: ='MODIFICAR CODIGOS '!B80 -> COCA COLA SA 400ML | C80: ='MODIFICAR CODIGOS '!C80 -> 240 | D80: ='MODIFICAR CODIGOS '!D80 -> 30 | E80: ='MODIFICAR CODIGOS '!E80 -> 12 | I80: 1 | O80: 2 | P80: 2 | S80: 10 | U80: =(F80*C80+G80*C80+H80*C80+I80*C80+J80*C80+K80*C80+L80*D80+M80*D80+N80*D80+O80*D80+P80*1+Q80*1+R80*1+(TRUNC((S80+T80)/E80)))+(((S80+T80)/E80-TRUNC((S80+T80)/E80))*E80)/100 -> 302.1 | V80: =(F80*C80+G80*C80+H80*C80+I80*C80+J80*C80+K80*C80+L80*D80+M80*D80+N80*D80+O80*D80+P80*1+Q80*1+R80*1+(TRUNC((S80+T80)/E80))) -> 302 | W80: =(((S80+T80)/E80-TRUNC((S80+T80)/E80))*E80) -> 10 | X80: =V80+W80/E80 -> 302.83333 | Y80: =TODAY() -> 46104 | AB80: =AA80-Y80 -> -46104
A81: ='MODIFICAR CODIGOS '!A81 -> 160318 | B81: ='MODIFICAR CODIGOS '!B81 -> COCA-COLA 400ml PET(12) | C81: ='MODIFICAR CODIGOS '!C81 -> 240 | D81: ='MODIFICAR CODIGOS '!D81 -> 30 | E81: ='MODIFICAR CODIGOS '!E81 -> 12 | G81: 1 | H81: 11 | O81: 7 | P81: 20 | Q81: 1 | S81: 11 | U81: =(F81*C81+G81*C81+H81*C81+I81*C81+J81*C81+K81*C81+L81*D81+M81*D81+N81*D81+O81*D81+P81*1+Q81*1+R81*1+(TRUNC((S81+T81)/E81)))+(((S81+T81)/E81-TRUNC((S81+T81)/E81))*E81)/100 -> 3111.11 | V81: =(F81*C81+G81*C81+H81*C81+I81*C81+J81*C81+K81*C81+L81*D81+M81*D81+N81*D81+O81*D81+P81*1+Q81*1+R81*1+(TRUNC((S81+T81)/E81))) -> 3111 | W81: =(((S81+T81)/E81-TRUNC((S81+T81)/E81))*E81) -> 11 | X81: =V81+W81/E81 -> 3111.9167 | Y81: =TODAY() -> 46104 | AB81: =AA81-Y81 -> -46104
A82: * | V82: =(F82*C82+G82*C82+H82*C82+I82*C82+J82*C82+K82*C82+L82*D82+M82*D82+N82*D82+O82*D82+P82*1+Q82*1+R82*1+(TRUNC((S82+T82)/E82))) -> #DIV/0! | W82: =(((S82+T82)/E82-TRUNC((S82+T82)/E82))*E82) -> #DIV/0! | AB82: =AA82-Y82 -> 0
A83: ='MODIFICAR CODIGOS '!A83 -> 56452 | B83: ='MODIFICAR CODIGOS '!B83 -> SCHWEPPES SODA 400ML PET (12) | C83: ='MODIFICAR CODIGOS '!C83 -> 240 | D83: ='MODIFICAR CODIGOS '!D83 -> 30 | E83: ='MODIFICAR CODIGOS '!E83 -> 12 | Q83: 43 | S83: 7 | U83: =(F83*C83+G83*C83+H83*C83+I83*C83+J83*C83+K83*C83+L83*D83+M83*D83+N83*D83+O83*D83+P83*1+Q83*1+R83*1+(TRUNC((S83+T83)/E83)))+(((S83+T83)/E83-TRUNC((S83+T83)/E83))*E83)/100 -> 43.07 | V83: =(F83*C83+G83*C83+H83*C83+I83*C83+J83*C83+K83*C83+L83*D83+M83*D83+N83*D83+O83*D83+P83*1+Q83*1+R83*1+(TRUNC((S83+T83)/E83))) -> 43 | W83: =(((S83+T83)/E83-TRUNC((S83+T83)/E83))*E83) -> 7 | X83: =V83+W83/E83 -> 43.583333 | Y83: =TODAY() -> 46104 | AB83: =AA83-Y83 -> -46104
A84: ='MODIFICAR CODIGOS '!A84 -> 56453 | B84: ='MODIFICAR CODIGOS '!B84 -> SCHWEPPES GINGER 400ML PET (12) | C84: ='MODIFICAR CODIGOS '!C84 -> 240 | D84: ='MODIFICAR CODIGOS '!D84 -> 30 | E84: ='MODIFICAR CODIGOS '!E84 -> 12 | U84: =(F84*C84+G84*C84+H84*C84+I84*C84+J84*C84+K84*C84+L84*D84+M84*D84+N84*D84+O84*D84+P84*1+Q84*1+R84*1+(TRUNC((S84+T84)/E84)))+(((S84+T84)/E84-TRUNC((S84+T84)/E84))*E84)/100 -> 0 | V84: =(F84*C84+G84*C84+H84*C84+I84*C84+J84*C84+K84*C84+L84*D84+M84*D84+N84*D84+O84*D84+P84*1+Q84*1+R84*1+(TRUNC((S84+T84)/E84))) -> 0 | W84: =(((S84+T84)/E84-TRUNC((S84+T84)/E84))*E84) -> 0 | X84: =V84+W84/E84 -> 0 | Y84: =TODAY() -> 46104 | AB84: =AA84-Y84 -> -46104
A85: ='MODIFICAR CODIGOS '!A85 -> 160479 | B85: ='MODIFICAR CODIGOS '!B85 -> KOLA ROMAN 400 ML NR (12) | C85: ='MODIFICAR CODIGOS '!C85 -> 240 | D85: ='MODIFICAR CODIGOS '!D85 -> 30 | E85: ='MODIFICAR CODIGOS '!E85 -> 12 | Q85: 8 | S85: 8 | U85: =(F85*C85+G85*C85+H85*C85+I85*C85+J85*C85+K85*C85+L85*D85+M85*D85+N85*D85+O85*D85+P85*1+Q85*1+R85*1+(TRUNC((S85+T85)/E85)))+(((S85+T85)/E85-TRUNC((S85+T85)/E85))*E85)/100 -> 8.08 | V85: =(F85*C85+G85*C85+H85*C85+I85*C85+J85*C85+K85*C85+L85*D85+M85*D85+N85*D85+O85*D85+P85*1+Q85*1+R85*1+(TRUNC((S85+T85)/E85))) -> 8 | W85: =(((S85+T85)/E85-TRUNC((S85+T85)/E85))*E85) -> 8 | X85: =V85+W85/E85 -> 8.6666667 | Y85: =TODAY() -> 46104 | AB85: =AA85-Y85 -> -46104
A86: ='MODIFICAR CODIGOS '!A86 -> 0 | B86: ='MODIFICAR CODIGOS '!B86 -> 0 | C86: ='MODIFICAR CODIGOS '!C86 -> 240 | D86: ='MODIFICAR CODIGOS '!D86 -> 30 | E86: ='MODIFICAR CODIGOS '!E86 -> 0 | U86: =(F86*C86+G86*C86+H86*C86+I86*C86+J86*C86+K86*C86+L86*D86+M86*D86+N86*D86+O86*D86+P86*1+Q86*1+R86*1+(TRUNC((S86+T86)/E86)))+(((S86+T86)/E86-TRUNC((S86+T86)/E86))*E86)/100 -> #DIV/0! | V86: =(F86*C86+G86*C86+H86*C86+I86*C86+J86*C86+K86*C86+L86*D86+M86*D86+N86*D86+O86*D86+P86*1+Q86*1+R86*1+(TRUNC((S86+T86)/E86))) -> #DIV/0! | W86: =(((S86+T86)/E86-TRUNC((S86+T86)/E86))*E86) -> #DIV/0! | X86: =V86+W86/E86 -> #DIV/0! | Y86: =TODAY() -> 46104 | AB86: =AA86-Y86 -> -46104
A87: ='MODIFICAR CODIGOS '!A87 -> 56627 | B87: ='MODIFICAR CODIGOS '!B87 -> PREMIO 400PET | C87: ='MODIFICAR CODIGOS '!C87 -> 240 | D87: ='MODIFICAR CODIGOS '!D87 -> 30 | E87: ='MODIFICAR CODIGOS '!E87 -> 12 | O87: 4 | P87: 3 | S87: 6 | U87: =(F87*C87+G87*C87+H87*C87+I87*C87+J87*C87+K87*C87+L87*D87+M87*D87+N87*D87+O87*D87+P87*1+Q87*1+R87*1+(TRUNC((S87+T87)/E87)))+(((S87+T87)/E87-TRUNC((S87+T87)/E87))*E87)/100 -> 123.06 | V87: =(F87*C87+G87*C87+H87*C87+I87*C87+J87*C87+K87*C87+L87*D87+M87*D87+N87*D87+O87*D87+P87*1+Q87*1+R87*1+(TRUNC((S87+T87)/E87))) -> 123 | W87: =(((S87+T87)/E87-TRUNC((S87+T87)/E87))*E87) -> 6 | X87: =V87+W87/E87 -> 123.5 | Y87: =TODAY() -> 46104 | AB87: =AA87-Y87 -> -46104
A88: ='MODIFICAR CODIGOS '!A88 -> 160297 | B88: ='MODIFICAR CODIGOS '!B88 -> SPRITE 400PET | C88: ='MODIFICAR CODIGOS '!C88 -> 240 | D88: ='MODIFICAR CODIGOS '!D88 -> 30 | E88: ='MODIFICAR CODIGOS '!E88 -> 12 | O88: 6 | Q88: 7 | T88: 11 | U88: =(F88*C88+G88*C88+H88*C88+I88*C88+J88*C88+K88*C88+L88*D88+M88*D88+N88*D88+O88*D88+P88*1+Q88*1+R88*1+(TRUNC((S88+T88)/E88)))+(((S88+T88)/E88-TRUNC((S88+T88)/E88))*E88)/100 -> 187.11 | V88: =(F88*C88+G88*C88+H88*C88+I88*C88+J88*C88+K88*C88+L88*D88+M88*D88+N88*D88+O88*D88+P88*1+Q88*1+R88*1+(TRUNC((S88+T88)/E88))) -> 187 | W88: =(((S88+T88)/E88-TRUNC((S88+T88)/E88))*E88) -> 11 | X88: =V88+W88/E88 -> 187.91667 | Y88: =TODAY() -> 46104 | AB88: =AA88-Y88 -> -46104
A89: ='MODIFICAR CODIGOS '!A89 -> 0 | B89: ='MODIFICAR CODIGOS '!B89 -> 0 | C89: ='MODIFICAR CODIGOS '!C89 -> 240 | D89: ='MODIFICAR CODIGOS '!D89 -> 30 | E89: ='MODIFICAR CODIGOS '!E89 -> 0 | U89: =(F89*C89+G89*C89+H89*C89+I89*C89+J89*C89+K89*C89+L89*D89+M89*D89+N89*D89+O89*D89+P89*1+Q89*1+R89*1+(TRUNC((S89+T89)/E89)))+(((S89+T89)/E89-TRUNC((S89+T89)/E89))*E89)/100 -> #DIV/0! | V89: =(F89*C89+G89*C89+H89*C89+I89*C89+J89*C89+K89*C89+L89*D89+M89*D89+N89*D89+O89*D89+P89*1+Q89*1+R89*1+(TRUNC((S89+T89)/E89))) -> #DIV/0! | W89: =(((S89+T89)/E89-TRUNC((S89+T89)/E89))*E89) -> #DIV/0! | X89: =V89+W89/E89 -> #DIV/0! | Y89: =TODAY() -> 46104 | AB89: =AA89-Y89 -> -46104
A90: ='MODIFICAR CODIGOS '!A90 -> 56706 | B90: ='MODIFICAR CODIGOS '!B90 -> QUATRO 400PET | C90: ='MODIFICAR CODIGOS '!C90 -> 240 | D90: ='MODIFICAR CODIGOS '!D90 -> 30 | E90: ='MODIFICAR CODIGOS '!E90 -> 12 | O90: 2 | P90: 19 | S90: 3 | U90: =(F90*C90+G90*C90+H90*C90+I90*C90+J90*C90+K90*C90+L90*D90+M90*D90+N90*D90+O90*D90+P90*1+Q90*1+R90*1+(TRUNC((S90+T90)/E90)))+(((S90+T90)/E90-TRUNC((S90+T90)/E90))*E90)/100 -> 79.03 | V90: =(F90*C90+G90*C90+H90*C90+I90*C90+J90*C90+K90*C90+L90*D90+M90*D90+N90*D90+O90*D90+P90*1+Q90*1+R90*1+(TRUNC((S90+T90)/E90))) -> 79 | W90: =(((S90+T90)/E90-TRUNC((S90+T90)/E90))*E90) -> 3 | X90: =V90+W90/E90 -> 79.25 | Y90: =TODAY() -> 46104 | AB90: =AA90-Y90 -> -46104
A91: ='MODIFICAR CODIGOS '!A91 -> 0 | B91: ='MODIFICAR CODIGOS '!B91 -> 0 | C91: ='MODIFICAR CODIGOS '!C91 -> 0 | D91: ='MODIFICAR CODIGOS '!D91 -> 0 | E91: ='MODIFICAR CODIGOS '!E91 -> 1 | U91: =(F91*C91+G91*C91+H91*C91+I91*C91+J91*C91+K91*C91+L91*D91+M91*D91+N91*D91+O91*D91+P91*1+Q91*1+R91*1+(TRUNC((S91+T91)/E91)))+(((S91+T91)/E91-TRUNC((S91+T91)/E91))*E91)/100 -> 0 | V91: =(F91*C91+G91*C91+H91*C91+I91*C91+J91*C91+K91*C91+L91*D91+M91*D91+N91*D91+O91*D91+P91*1+Q91*1+R91*1+(TRUNC((S91+T91)/E91))) -> 0 | W91: =(((S91+T91)/E91-TRUNC((S91+T91)/E91))*E91) -> 0 | X91: =V91+W91/E91 -> 0 | Y91: =TODAY() -> 46104 | AB91: =AA91-Y91 -> -46104
A92: ='MODIFICAR CODIGOS '!A92 -> 0 | B92: ='MODIFICAR CODIGOS '!B92 -> 0 | C92: ='MODIFICAR CODIGOS '!C92 -> 0 | D92: ='MODIFICAR CODIGOS '!D92 -> 0 | E92: ='MODIFICAR CODIGOS '!E92 -> 1 | U92: =(F92*C92+G92*C92+H92*C92+I92*C92+J92*C92+K92*C92+L92*D92+M92*D92+N92*D92+O92*D92+P92*1+Q92*1+R92*1+(TRUNC((S92+T92)/E92)))+(((S92+T92)/E92-TRUNC((S92+T92)/E92))*E92)/100 -> 0 | V92: =(F92*C92+G92*C92+H92*C92+I92*C92+J92*C92+K92*C92+L92*D92+M92*D92+N92*D92+O92*D92+P92*1+Q92*1+R92*1+(TRUNC((S92+T92)/E92))) -> 0 | W92: =(((S92+T92)/E92-TRUNC((S92+T92)/E92))*E92) -> 0 | X92: =V92+W92/E92 -> 0 | Y92: =TODAY() -> 46104 | AB92: =AA92-Y92 -> -46104
A93: ='MODIFICAR CODIGOS '!A93 -> 0 | B93: ='MODIFICAR CODIGOS '!B93 -> 0 | C93: ='MODIFICAR CODIGOS '!C93 -> 0 | D93: ='MODIFICAR CODIGOS '!D93 -> 0 | E93: ='MODIFICAR CODIGOS '!E93 -> 1 | U93: =(F93*C93+G93*C93+H93*C93+I93*C93+J93*C93+K93*C93+L93*D93+M93*D93+N93*D93+O93*D93+P93*1+Q93*1+R93*1+(TRUNC((S93+T93)/E93)))+(((S93+T93)/E93-TRUNC((S93+T93)/E93))*E93)/100 -> 0 | V93: =(F93*C93+G93*C93+H93*C93+I93*C93+J93*C93+K93*C93+L93*D93+M93*D93+N93*D93+O93*D93+P93*1+Q93*1+R93*1+(TRUNC((S93+T93)/E93))) -> 0 | W93: =(((S93+T93)/E93-TRUNC((S93+T93)/E93))*E93) -> 0 | X93: =V93+W93/E93 -> 0 | Y93: =TODAY() -> 46104 | AB93: =AA93-Y93 -> -46104
A94: ='MODIFICAR CODIGOS '!A94 -> 0 | B94: ='MODIFICAR CODIGOS '!B94 -> 0 | C94: ='MODIFICAR CODIGOS '!C94 -> 0 | D94: ='MODIFICAR CODIGOS '!D94 -> 0 | E94: ='MODIFICAR CODIGOS '!E94 -> 1 | U94: =(F94*C94+G94*C94+H94*C94+I94*C94+J94*C94+K94*C94+L94*D94+M94*D94+N94*D94+O94*D94+P94*1+Q94*1+R94*1+(TRUNC((S94+T94)/E94)))+(((S94+T94)/E94-TRUNC((S94+T94)/E94))*E94)/100 -> 0 | V94: =(F94*C94+G94*C94+H94*C94+I94*C94+J94*C94+K94*C94+L94*D94+M94*D94+N94*D94+O94*D94+P94*1+Q94*1+R94*1+(TRUNC((S94+T94)/E94))) -> 0 | W94: =(((S94+T94)/E94-TRUNC((S94+T94)/E94))*E94) -> 0 | X94: =V94+W94/E94 -> 0 | Y94: =TODAY() -> 46104 | AB94: =AA94-Y94 -> -46104
A95: ='MODIFICAR CODIGOS '!A95 -> 0 | B95: ='MODIFICAR CODIGOS '!B95 -> 0 | C95: ='MODIFICAR CODIGOS '!C95 -> 0 | D95: ='MODIFICAR CODIGOS '!D95 -> 0 | E95: ='MODIFICAR CODIGOS '!E95 -> 1 | U95: =(F95*C95+G95*C95+H95*C95+I95*C95+J95*C95+K95*C95+L95*D95+M95*D95+N95*D95+O95*D95+P95*1+Q95*1+R95*1+(TRUNC((S95+T95)/E95)))+(((S95+T95)/E95-TRUNC((S95+T95)/E95))*E95)/100 -> 0 | V95: =(F95*C95+G95*C95+H95*C95+I95*C95+J95*C95+K95*C95+L95*D95+M95*D95+N95*D95+O95*D95+P95*1+Q95*1+R95*1+(TRUNC((S95+T95)/E95))) -> 0 | W95: =(((S95+T95)/E95-TRUNC((S95+T95)/E95))*E95) -> 0 | X95: =V95+W95/E95 -> 0 | Y95: =TODAY() -> 46104 | AB95: =AA95-Y95 -> -46104
A96: * | V96: =(F96*C96+G96*C96+H96*C96+I96*C96+J96*C96+K96*C96+L96*D96+M96*D96+N96*D96+O96*D96+P96*1+Q96*1+R96*1+(TRUNC((S96+T96)/E96))) -> #DIV/0! | W96: =(((S96+T96)/E96-TRUNC((S96+T96)/E96))*E96) -> #DIV/0! | AB96: =AA96-Y96 -> 0
A97: ='MODIFICAR CODIGOS '!A97 -> 0 | B97: ='MODIFICAR CODIGOS '!B97 -> 0 | C97: ='MODIFICAR CODIGOS '!C97 -> 0 | D97: ='MODIFICAR CODIGOS '!D97 -> 0 | E97: ='MODIFICAR CODIGOS '!E97 -> 1 | U97: =(F97*C97+G97*C97+H97*C97+I97*C97+J97*C97+K97*C97+L97*D97+M97*D97+N97*D97+O97*D97+P97*1+Q97*1+R97*1+(TRUNC((S97+T97)/E97)))+(((S97+T97)/E97-TRUNC((S97+T97)/E97))*E97)/100 -> 0 | V97: =(F97*C97+G97*C97+H97*C97+I97*C97+J97*C97+K97*C97+L97*D97+M97*D97+N97*D97+O97*D97+P97*1+Q97*1+R97*1+(TRUNC((S97+T97)/E97))) -> 0 | W97: =(((S97+T97)/E97-TRUNC((S97+T97)/E97))*E97) -> 0 | X97: =V97+W97/E97 -> 0 | Y97: =TODAY() -> 46104 | AB97: =AA97-Y97 -> -46104
A98: ='MODIFICAR CODIGOS '!A98 -> 0 | B98: ='MODIFICAR CODIGOS '!B98 -> 0 | C98: ='MODIFICAR CODIGOS '!C98 -> 0 | D98: ='MODIFICAR CODIGOS '!D98 -> 0 | E98: ='MODIFICAR CODIGOS '!E98 -> 1 | U98: =(F98*C98+G98*C98+H98*C98+I98*C98+J98*C98+K98*C98+L98*D98+M98*D98+N98*D98+O98*D98+P98*1+Q98*1+R98*1+(TRUNC((S98+T98)/E98)))+(((S98+T98)/E98-TRUNC((S98+T98)/E98))*E98)/100 -> 0 | V98: =(F98*C98+G98*C98+H98*C98+I98*C98+J98*C98+K98*C98+L98*D98+M98*D98+N98*D98+O98*D98+P98*1+Q98*1+R98*1+(TRUNC((S98+T98)/E98))) -> 0 | W98: =(((S98+T98)/E98-TRUNC((S98+T98)/E98))*E98) -> 0 | X98: =V98+W98/E98 -> 0 | Y98: =TODAY() -> 46104 | AB98: =AA98-Y98 -> -46104
A99: ='MODIFICAR CODIGOS '!A99 -> 0 | B99: ='MODIFICAR CODIGOS '!B99 -> 0 | C99: ='MODIFICAR CODIGOS '!C99 -> 0 | D99: ='MODIFICAR CODIGOS '!D99 -> 0 | E99: ='MODIFICAR CODIGOS '!E99 -> 1 | U99: =(F99*C99+G99*C99+H99*C99+I99*C99+J99*C99+K99*C99+L99*D99+M99*D99+N99*D99+O99*D99+P99*1+Q99*1+R99*1+(TRUNC((S99+T99)/E99)))+(((S99+T99)/E99-TRUNC((S99+T99)/E99))*E99)/100 -> 0 | V99: =(F99*C99+G99*C99+H99*C99+I99*C99+J99*C99+K99*C99+L99*D99+M99*D99+N99*D99+O99*D99+P99*1+Q99*1+R99*1+(TRUNC((S99+T99)/E99))) -> 0 | W99: =(((S99+T99)/E99-TRUNC((S99+T99)/E99))*E99) -> 0 | X99: =V99+W99/E99 -> 0 | Y99: =TODAY() -> 46104 | AB99: =AA99-Y99 -> -46104
A100: ='MODIFICAR CODIGOS '!A100 -> 0 | B100: ='MODIFICAR CODIGOS '!B100 -> 0 | C100: ='MODIFICAR CODIGOS '!C100 -> 0 | D100: ='MODIFICAR CODIGOS '!D100 -> 0 | E100: ='MODIFICAR CODIGOS '!E100 -> 1 | U100: =(F100*C100+G100*C100+H100*C100+I100*C100+J100*C100+K100*C100+L100*D100+M100*D100+N100*D100+O100*D100+P100*1+Q100*1+R100*1+(TRUNC((S100+T100)/E100)))+(((S100+T100)/E100-TRUNC((S100+T100)/E100))*E100)/100 -> 0 | V100: =(F100*C100+G100*C100+H100*C100+I100*C100+J100*C100+K100*C100+L100*D100+M100*D100+N100*D100+O100*D100+P100*1+Q100*1+R100*1+(TRUNC((S100+T100)/E100))) -> 0 | W100: =(((S100+T100)/E100-TRUNC((S100+T100)/E100))*E100) -> 0 | X100: =V100+W100/E100 -> 0 | Y100: =TODAY() -> 46104 | AB100: =AA100-Y100 -> -46104
...

Sheet INVENTARIO PISO 
A2: INVENTARIO PISO
D3: INV PISO =
B4: Fecha: | C4: 43165 | D4: FILTRAR
A5: Producto | B5: Descripción | C5: und | D5: Cantidad | F5: cantidades | G5: UND | H5: conversion | I5: cantidad
A6: ='PLANTILLA INV. PISO (0)'!A2 -> 160052 | B6: ='PLANTILLA INV. PISO (0)'!B2 -> COCA-COLA 6,5OZ VIR(30) | C6: ='MODIFICAR CODIGOS '!E2 -> 30 | D6: ='PLANTILLA INV. PISO (0)'!U2 -> 99.05 | F6: =ROUNDDOWN(D6,0) -> 99 | G6: =+(D6-F6)*100 -> 5 | H6: =G6/C6 -> 0.16666667 | I6: =F6+H6 -> 99.166667 | K6: ='PLANTILLA INV. PISO (0)'!AA2 -> 46178
A7: ='PLANTILLA INV. PISO (0)'!A3 -> 0 | B7: ='PLANTILLA INV. PISO (0)'!B3 -> 0 | C7: ='MODIFICAR CODIGOS '!E3 -> 30 | D7: ='PLANTILLA INV. PISO (0)'!U3 -> 0 | F7: =ROUNDDOWN(D7,0) -> 0 | G7: =+(D7-F7)*100 -> 0 | H7: =G7/C7 -> 0 | I7: =F7+H7 -> 0 | K7: ='PLANTILLA INV. PISO (0)'!AA3 -> 0
A8: ='PLANTILLA INV. PISO (0)'!A4 -> 56702 | B8: ='PLANTILLA INV. PISO (0)'!B4 -> QUATRO TJA 6,5OZ VIR(30) | C8: ='MODIFICAR CODIGOS '!E4 -> 30 | D8: ='PLANTILLA INV. PISO (0)'!U4 -> 58.21 | F8: =ROUNDDOWN(D8,0) -> 58 | G8: =+(D8-F8)*100 -> 21 | H8: =G8/C8 -> 0.7 | I8: =F8+H8 -> 58.7 | K8: ='PLANTILLA INV. PISO (0)'!AA4 -> 0
A9: ='PLANTILLA INV. PISO (0)'!A5 -> 0 | B9: ='PLANTILLA INV. PISO (0)'!B5 -> 0 | C9: ='MODIFICAR CODIGOS '!E5 -> 30 | D9: ='PLANTILLA INV. PISO (0)'!U5 -> 0 | F9: =ROUNDDOWN(D9,0) -> 0 | G9: =+(D9-F9)*100 -> 0 | H9: =G9/C9 -> 0 | I9: =F9+H9 -> 0 | K9: ='PLANTILLA INV. PISO (0)'!AA5 -> 0
A10: ='PLANTILLA INV. PISO (0)'!A6 -> 160069 | B10: ='PLANTILLA INV. PISO (0)'!B6 -> SPRITE LL6,5 OZ | C10: ='MODIFICAR CODIGOS '!E6 -> 30 | D10: ='PLANTILLA INV. PISO (0)'!U6 -> 97.08 | F10: =ROUNDDOWN(D10,0) -> 97 | G10: =+(D10-F10)*100 -> 8 | H10: =G10/C10 -> 0.26666667 | I10: =F10+H10 -> 97.266667 | K10: ='PLANTILLA INV. PISO (0)'!AA6 -> 0
A11: ='PLANTILLA INV. PISO (0)'!A7 -> 0 | B11: ='PLANTILLA INV. PISO (0)'!B7 -> 0 | C11: ='MODIFICAR CODIGOS '!E7 -> 30 | D11: ='PLANTILLA INV. PISO (0)'!U7 -> 0 | F11: =ROUNDDOWN(D11,0) -> 0 | G11: =+(D11-F11)*100 -> 0 | H11: =G11/C11 -> 0 | I11: =F11+H11 -> 0 | K11: ='PLANTILLA INV. PISO (0)'!AA7 -> 0
A12: ='PLANTILLA INV. PISO (0)'!A8 -> 0 | B12: ='PLANTILLA INV. PISO (0)'!B8 -> 0 | C12: ='MODIFICAR CODIGOS '!E8 -> 30 | D12: ='PLANTILLA INV. PISO (0)'!U8 -> 0 | F12: =ROUNDDOWN(D12,0) -> 0 | G12: =+(D12-F12)*100 -> 0 | H12: =G12/C12 -> 0 | I12: =F12+H12 -> 0 | K12: ='PLANTILLA INV. PISO (0)'!AA8 -> 0
A13: ='PLANTILLA INV. PISO (0)'!A9 -> 0 | B13: ='PLANTILLA INV. PISO (0)'!B9 -> 0 | C13: ='MODIFICAR CODIGOS '!E9 -> 30 | D13: ='PLANTILLA INV. PISO (0)'!U9 -> 0 | F13: =ROUNDDOWN(D13,0) -> 0 | G13: =+(D13-F13)*100 -> 0 | H13: =G13/C13 -> 0 | I13: =F13+H13 -> 0 | K13: ='PLANTILLA INV. PISO (0)'!AA9 -> 0
A14: ='PLANTILLA INV. PISO (0)'!A10 -> 56623 | B14: ='PLANTILLA INV. PISO (0)'!B10 -> PREMIO ROJO 250 ML RGB | C14: ='MODIFICAR CODIGOS '!E10 -> 30 | D14: ='PLANTILLA INV. PISO (0)'!U10 -> 0 | F14: =ROUNDDOWN(D14,0) -> 0 | G14: =+(D14-F14)*100 -> 0 | H14: =G14/C14 -> 0 | I14: =F14+H14 -> 0 | K14: ='PLANTILLA INV. PISO (0)'!AA10 -> 0
A15: ='PLANTILLA INV. PISO (0)'!A11 -> * | B15: ='PLANTILLA INV. PISO (0)'!B11 -> 0 | C15: ='MODIFICAR CODIGOS '!E11 -> 0 | D15: ='PLANTILLA INV. PISO (0)'!U11 -> 0 | F15: =ROUNDDOWN(D15,0) -> 0 | G15: =+(D15-F15)*100 -> 0 | H15: =G15/C15 -> #DIV/0! | I15: =F15+H15 -> #DIV/0! | K15: ='PLANTILLA INV. PISO (0)'!AA11 -> 0
A16: ='PLANTILLA INV. PISO (0)'!A12 -> 160053 | B16: ='PLANTILLA INV. PISO (0)'!B12 -> COCA-COLA 350ML VIR(30) | C16: ='MODIFICAR CODIGOS '!E12 -> 30 | D16: ='PLANTILLA INV. PISO (0)'!U12 -> 42.1 | F16: =ROUNDDOWN(D16,0) -> 42 | G16: =+(D16-F16)*100 -> 10 | H16: =G16/C16 -> 0.33333333 | I16: =F16+H16 -> 42.333333 | K16: ='PLANTILLA INV. PISO (0)'!AA12 -> 0
A17: ='PLANTILLA INV. PISO (0)'!A13 -> 135763 | B17: ='PLANTILLA INV. PISO (0)'!B13 -> COCA COLA ZERO 350 ML VIR | C17: ='MODIFICAR CODIGOS '!E13 -> 30 | D17: ='PLANTILLA INV. PISO (0)'!U13 -> 18.24 | F17: =ROUNDDOWN(D17,0) -> 18 | G17: =+(D17-F17)*100 -> 24 | H17: =G17/C17 -> 0.8 | I17: =F17+H17 -> 18.8 | K17: ='PLANTILLA INV. PISO (0)'!AA13 -> 0
... A31: ='PLANTILLA INV. PISO (0)'!A27 -> 136159 | B31: ='PLANTILLA INV. PISO (0)'!B27 -> COCA-COLA SO 1 LT NR (12) | C31: ='MODIFICAR CODIGOS '!E27 -> 12 | D31: ='PLANTILLA INV. PISO (0)'!U27 -> 137 | F31: =ROUNDDOWN(D31,0) -> 137 | G31: =+(D31-F31)*100 -> 0 | H31: =G31/C31 -> 0 | I31: =F31+H31 -> 137 | K31: ='PLANTILLA INV. PISO (0)'!AA27 -> 0
A32: ='PLANTILLA INV. PISO (0)'!A28 -> 136113 | B32: ='PLANTILLA INV. PISO (0)'!B28 -> ESPEJO CCSO 1.5LT PET(12) | C32: ='MODIFICAR CODIGOS '!E28 -> 12 | D32: ='PLANTILLA INV. PISO (0)'!U28 -> 433 | F32: =ROUNDDOWN(D32,0) -> 433 | G32: =+(D32-F32)*100 -> 0 | H32: =G32/C32 -> 0 | I32: =F32+H32 -> 433
A33: ='PLANTILLA INV. PISO (0)'!A29 -> 135664 | B33: ='PLANTILLA INV. PISO (0)'!B29 -> COCA-COLA 1.5 LT NR (12) Nvo | C33: ='MODIFICAR CODIGOS '!E29 -> 12 | D33: ='PLANTILLA INV. PISO (0)'!U29 -> 19.1 | F33: =ROUNDDOWN(D33,0) -> 19 | G33: =+(D33-F33)*100 -> 10 | H33: =G33/C33 -> 0.83333333 | I33: =F33+H33 -> 19.833333 | K33: ='PLANTILLA INV. PISO (0)'!AA29 -> 0
A34: ='PLANTILLA INV. PISO (0)'!A30 -> 135757 | B34: ='PLANTILLA INV. PISO (0)'!B30 -> COCA COLA ZERO 1,5 NR (12) | C34: ='MODIFICAR CODIGOS '!E30 -> 12 | D34: ='PLANTILLA INV. PISO (0)'!U30 -> 8.1 | F34: =ROUNDDOWN(D34,0) -> 8 | G34: =+(D34-F34)*100 -> 10 | H34: =G34/C34 -> 0.83333333 | I34: =F34+H34 -> 8.8333333 | K34: ='PLANTILLA INV. PISO (0)'!AA30 -> 0
A35: ='PLANTILLA INV. PISO (0)'!A31 -> 56651 | B35: ='PLANTILLA INV. PISO (0)'!B31 -> PREMIO ROJO 1.5 L | C35: ='MODIFICAR CODIGOS '!E31 -> 12 | D35: ='PLANTILLA INV. PISO (0)'!U31 -> 130 | F35: =ROUNDDOWN(D35,0) -> 130 | G35: =+(D35-F35)*100 -> 0 | H35: =G35/C35 -> 0 | I35: =F35+H35 -> 130 | K35: ='PLANTILLA INV. PISO (0)'!AA31 -> 0
A36: ='PLANTILLA INV. PISO (0)'!A32 -> 56709 | B36: ='PLANTILLA INV. PISO (0)'!B32 -> QUATRO 1,5LT | C36: ='MODIFICAR CODIGOS '!E32 -> 12 | D36: ='PLANTILLA INV. PISO (0)'!U32 -> 367.04 | F36: =ROUNDDOWN(D36,0) -> 367 | G36: =+(D36-F36)*100 -> 4 | H36: =G36/C36 -> 0.33333333 | I36: =F36+H36 -> 367.33333 | K36: ='PLANTILLA INV. PISO (0)'!AA32 -> 0
A37: ='PLANTILLA INV. PISO (0)'!A33 -> 160102 | B37: ='PLANTILLA INV. PISO (0)'!B33 -> SRITE LIMA LIMON 1,5LT | C37: ='MODIFICAR CODIGOS '!E33 -> 12 | D37: ='PLANTILLA INV. PISO (0)'!U33 -> 58.03 | F37: =ROUNDDOWN(D37,0) -> 58 | G37: =+(D37-F37)*100 -> 3 | H37: =G37/C37 -> 0.25 | I37: =F37+H37 -> 58.25 | K37: ='PLANTILLA INV. PISO (0)'!AA33 -> 0
A38: ='PLANTILLA INV. PISO (0)'!A34 -> 160100 | B38: ='PLANTILLA INV. PISO (0)'!B34 -> SCHEPPES GINGER 1,5 LTS | C38: ='MODIFICAR CODIGOS '!E34 -> 12 | D38: ='PLANTILLA INV. PISO (0)'!U34 -> 6.01 | F38: =ROUNDDOWN(D38,0) -> 6 | G38: =+(D38-F38)*100 -> 1 | H38: =G38/C38 -> 0.083333333 | I38: =F38+H38 -> 6.0833333 | K38: ='PLANTILLA INV. PISO (0)'!AA34 -> 0
A39: ='PLANTILLA INV. PISO (0)'!A35 -> 160101 | B39: ='PLANTILLA INV. PISO (0)'!B35 -> SCHEPPES SODA 1,5 LTS | C39: ='MODIFICAR CODIGOS '!E35 -> 12 | D39: ='PLANTILLA INV. PISO (0)'!U35 -> 35.02 | F39: =ROUNDDOWN(D39,0) -> 35 | G39: =+(D39-F39)*100 -> 2 | H39: =G39/C39 -> 0.16666667 | I39: =F39+H39 -> 35.166667 | K39: ='PLANTILLA INV. PISO (0)'!AA35 -> 0
A40: ='PLANTILLA INV. PISO (0)'!A36 -> 160099 | B40: ='PLANTILLA INV. PISO (0)'!B36 -> KOLA ROMA 1,5 LTS | C40: ='MODIFICAR CODIGOS '!E36 -> 12 | D40: ='PLANTILLA INV. PISO (0)'!U36 -> 3.02 | F40: =ROUNDDOWN(D40,0) -> 3 | G40: =+(D40-F40)*100 -> 2 | H40: =G40/C40 -> 0.16666667 | I40: =F40+H40 -> 3.1666667 | K40: ='PLANTILLA INV. PISO (0)'!AA36 -> 0
A41: ='PLANTILLA INV. PISO (0)'!A37 -> * | B41: ='PLANTILLA INV. PISO (0)'!B37 -> 0 | C41: ='MODIFICAR CODIGOS '!E37 -> 0 | D41: ='PLANTILLA INV. PISO (0)'!U37 -> 0 | F41: =ROUNDDOWN(D41,0) -> 0 | G41: =+(D41-F41)*100 -> 0 | H41: =G41/C41 -> #DIV/0! | I41: =F41+H41 -> #DIV/0! | K41: ='PLANTILLA INV. PISO (0)'!AA37 -> 0
A42: ='PLANTILLA INV. PISO (0)'!A38 -> 0 | B42: ='PLANTILLA INV. PISO (0)'!B38 -> 0 | C42: ='MODIFICAR CODIGOS '!E38 -> 1 | D42: ='PLANTILLA INV. PISO (0)'!U38 -> 0 | F42: =ROUNDDOWN(D42,0) -> 0 | G42: =+(D42-F42)*100 -> 0 | H42: =G42/C42 -> 0 | I42: =F42+H42 -> 0 | K42: ='PLANTILLA INV. PISO (0)'!AA38 -> 0
A43: ='PLANTILLA INV. PISO (0)'!A39 -> 136133 | B43: ='PLANTILLA INV. PISO (0)'!B39 -> COCA COLA 2.25L PET(8) EINSTEIN | C43: ='MODIFICAR CODIGOS '!E39 -> 8 | D43: ='PLANTILLA INV. PISO (0)'!U39 -> 127.01 | F43: =ROUNDDOWN(D43,0) -> 127 | G43: =+(D43-F43)*100 -> 1 | H43: =G43/C43 -> 0.125 | I43: =F43+H43 -> 127.125 | K43: ='PLANTILLA INV. PISO (0)'!AA39 -> 0
A44: ='PLANTILLA INV. PISO (0)'!A40 -> 0 | B44: ='PLANTILLA INV. PISO (0)'!B40 -> 0 | C44: ='MODIFICAR CODIGOS '!E40 -> 1 | D44: ='PLANTILLA INV. PISO (0)'!U40 -> 0 | F44: =ROUNDDOWN(D44,0) -> 0 | G44: =+(D44-F44)*100 -> 0 | H44: =G44/C44 -> 0 | I44: =F44+H44 -> 0 | K44: ='PLANTILLA INV. PISO (0)'!AA40 -> 0
... A80: ='PLANTILLA INV. PISO (0)'!A76 -> 135759 | B80: ='PLANTILLA INV. PISO (0)'!B76 -> COCA-COLA ZERO 20 OZ PET(15) | C80: ='MODIFICAR CODIGOS '!E76 -> 15 | D80: ='PLANTILLA INV. PISO (0)'!U76 -> 21 | F80: =ROUNDDOWN(D80,0) -> 21 | G80: =+(D80-F80)*100 -> 0 | H80: =G80/C80 -> 0 | I80: =F80+H80 -> 21 | K80: ='PLANTILLA INV. PISO (0)'!AA76 -> 0
A81: ='PLANTILLA INV. PISO (0)'!A77 -> 0 | B81: ='PLANTILLA INV. PISO (0)'!B77 -> 0 | C81: ='MODIFICAR CODIGOS '!E77 -> 1 | D81: ='PLANTILLA INV. PISO (0)'!U77 -> 0 | F81: =ROUNDDOWN(D81,0) -> 0 | G81: =+(D81-F81)*100 -> 0 | H81: =G81/C81 -> 0 | I81: =F81+H81 -> 0 | K81: ='PLANTILLA INV. PISO (0)'!AA78 -> 0
A82: ='PLANTILLA INV. PISO (0)'!A78 -> 0 | B82: ='PLANTILLA INV. PISO (0)'!B78 -> 0 | C82: ='MODIFICAR CODIGOS '!E78 -> 1 | D82: ='PLANTILLA INV. PISO (0)'!U78 -> 0 | F82: =ROUNDDOWN(D82,0) -> 0 | G82: =+(D82-F82)*100 -> 0 | H82: =G82/C82 -> 0 | I82: =F82+H82 -> 0 | K82: ='PLANTILLA INV. PISO (0)'!AA79 -> 0
A83: ='PLANTILLA INV. PISO (0)'!A79 -> * | B83: ='PLANTILLA INV. PISO (0)'!B79 -> 0 | C83: ='MODIFICAR CODIGOS '!E79 -> 0 | D83: ='PLANTILLA INV. PISO (0)'!U79 -> 0 | F83: =ROUNDDOWN(D83,0) -> 0 | G83: =+(D83-F83)*100 -> 0 | H83: =G83/C83 -> #DIV/0! | I83: =F83+H83 -> #DIV/0! | K83: ='PLANTILLA INV. PISO (0)'!AA80 -> 0
A84: ='PLANTILLA INV. PISO (0)'!A80 -> 135760 | B84: ='PLANTILLA INV. PISO (0)'!B80 -> COCA COLA SA 400ML | C84: ='MODIFICAR CODIGOS '!E80 -> 12 | D84: ='PLANTILLA INV. PISO (0)'!U80 -> 302.1 | F84: =ROUNDDOWN(D84,0) -> 302 | G84: =+(D84-F84)*100 -> 10 | H84: =G84/C84 -> 0.83333333 | I84: =F84+H84 -> 302.83333 | K84: ='PLANTILLA INV. PISO (0)'!AA81 -> 0
A85: ='PLANTILLA INV. PISO (0)'!A81 -> 160318 | B85: ='PLANTILLA INV. PISO (0)'!B81 -> COCA-COLA 400ml PET(12) | C85: ='MODIFICAR CODIGOS '!E81 -> 12 | D85: ='PLANTILLA INV. PISO (0)'!U81 -> 3111.11 | F85: =ROUNDDOWN(D85,0) -> 3111 | G85: =+(D85-F85)*100 -> 11 | H85: =G85/C85 -> 0.91666667 | I85: =F85+H85 -> 3111.9167 | K85: ='PLANTILLA INV. PISO (0)'!AA82 -> 0
A86: ='PLANTILLA INV. PISO (0)'!A82 -> * | B86: ='PLANTILLA INV. PISO (0)'!B82 -> 0 | C86: ='MODIFICAR CODIGOS '!E82 -> 0 | D86: ='PLANTILLA INV. PISO (0)'!U82 -> 0 | F86: =ROUNDDOWN(D86,0) -> 0 | G86: =+(D86-F86)*100 -> 0 | H86: =G86/C86 -> #DIV/0! | I86: =F86+H86 -> #DIV/0! | K86: ='PLANTILLA INV. PISO (0)'!AA83 -> 0
A87: ='PLANTILLA INV. PISO (0)'!A83 -> 56452 | B87: ='PLANTILLA INV. PISO (0)'!B83 -> SCHWEPPES SODA 400ML PET (12) | C87: ='MODIFICAR CODIGOS '!E83 -> 12 | D87: ='PLANTILLA INV. PISO (0)'!U83 -> 43.07 | F87: =ROUNDDOWN(D87,0) -> 43 | G87: =+(D87-F87)*100 -> 7 | H87: =G87/C87 -> 0.58333333 | I87: =F87+H87 -> 43.583333 | K87: ='PLANTILLA INV. PISO (0)'!AA84 -> 0
A88: ='PLANTILLA INV. PISO (0)'!A84 -> 56453 | B88: ='PLANTILLA INV. PISO (0)'!B84 -> SCHWEPPES GINGER 400ML PET (12) | C88: ='MODIFICAR CODIGOS '!E84 -> 12 | D88: ='PLANTILLA INV. PISO (0)'!U84 -> 0 | F88: =ROUNDDOWN(D88,0) -> 0 | G88: =+(D88-F88)*100 -> 0 | H88: =G88/C88 -> 0 | I88: =F88+H88 -> 0 | K88: ='PLANTILLA INV. PISO (0)'!AA85 -> 0
A89: ='PLANTILLA INV. PISO (0)'!A85 -> 160479 | B89: ='PLANTILLA INV. PISO (0)'!B85 -> KOLA ROMAN 400 ML NR (12) | C89: ='MODIFICAR CODIGOS '!E85 -> 12 | D89: ='PLANTILLA INV. PISO (0)'!U85 -> 8.08 | F89: =ROUNDDOWN(D89,0) -> 8 | G89: =+(D89-F89)*100 -> 8 | H89: =G89/C89 -> 0.66666667 | I89: =F89+H89 -> 8.6666667 | K89: ='PLANTILLA INV. PISO (0)'!AA86 -> 0
A90: ='PLANTILLA INV. PISO (0)'!A86 -> 0 | B90: ='PLANTILLA INV. PISO (0)'!B86 -> 0 | C90: ='MODIFICAR CODIGOS '!E86 -> 0 | D90: ='PLANTILLA INV. PISO (0)'!U86 -> #DIV/0! | F90: =ROUNDDOWN(D90,0) -> #DIV/0! | G90: =+(D90-F90)*100 -> #DIV/0! | H90: =G90/C90 -> #DIV/0! | I90: =F90+H90 -> #DIV/0! | K90: ='PLANTILLA INV. PISO (0)'!AA87 -> 0
A91: ='PLANTILLA INV. PISO (0)'!A87 -> 56627 | B91: ='PLANTILLA INV. PISO (0)'!B87 -> PREMIO 400PET | C91: ='MODIFICAR CODIGOS '!E87 -> 12 | D91: ='PLANTILLA INV. PISO (0)'!U87 -> 123.06 | F91: =ROUNDDOWN(D91,0) -> 123 | G91: =+(D91-F91)*100 -> 6 | H91: =G91/C91 -> 0.5 | I91: =F91+H91 -> 123.5 | K91: ='PLANTILLA INV. PISO (0)'!AA88 -> 0
A92: ='PLANTILLA INV. PISO (0)'!A88 -> 160297 | B92: ='PLANTILLA INV. PISO (0)'!B88 -> SPRITE 400PET | C92: ='MODIFICAR CODIGOS '!E88 -> 12 | D92: ='PLANTILLA INV. PISO (0)'!U88 -> 187.11 | F92: =ROUNDDOWN(D92,0) -> 187 | G92: =+(D92-F92)*100 -> 11 | H92: =G92/C92 -> 0.91666667 | I92: =F92+H92 -> 187.91667 | K92: ='PLANTILLA INV. PISO (0)'!AA89 -> 0
... A135: ='PLANTILLA INV. PISO (0)'!A131 -> 160259 | B135: ='PLANTILLA INV. PISO (0)'!B131 -> MONSTER GREEN LATA 473ML(24) | C135: ='MODIFICAR CODIGOS '!E131 -> 24 | D135: ='PLANTILLA INV. PISO (0)'!U131 -> 0 | F135: =ROUNDDOWN(D135,0) -> 0 | G135: =+(D135-F135)*100 -> 0 | H135: =G135/C135 -> 0 | I135: =F135+H135 -> 0 | K135: ='PLANTILLA INV. PISO (0)'!AA132 -> 0
A136: ='PLANTILLA INV. PISO (0)'!A132 -> 120023 | B136: ='PLANTILLA INV. PISO (0)'!B132 -> MONSTER BLUE ZERO 473 MLLAT(24) | C136: ='MODIFICAR CODIGOS '!E132 -> 24 | D136: ='PLANTILLA INV. PISO (0)'!U132 -> 0 | F136: =ROUNDDOWN(D136,0) -> 0 | G136: =+(D136-F136)*100 -> 0 | H136: =G136/C136 -> 0 | I136: =F136+H136 -> 0 | K136: ='PLANTILLA INV. PISO (0)'!AA139 -> 0
A137: ='PLANTILLA INV. PISO (0)'!A133 -> 120027 | B137: ='PLANTILLA INV. PISO (0)'!B133 -> MONSTER VIOLET 473ML(24) | C137: ='MODIFICAR CODIGOS '!E133 -> 24 | D137: ='PLANTILLA INV. PISO (0)'!U133 -> 23.11 | F137: =ROUNDDOWN(D137,0) -> 23 | G137: =+(D137-F137)*100 -> 11 | H137: =G137/C137 -> 0.45833333 | I137: =F137+H137 -> 23.458333 | K137: ='PLANTILLA INV. PISO (0)'!AA140 -> 0
A138: ='PLANTILLA INV. PISO (0)'!A134 -> 160378 | B138: ='PLANTILLA INV. PISO (0)'!B134 -> MONSTER ULTRA LATA 4 PACK 473ML(24) | C138: ='MODIFICAR CODIGOS '!E134 -> 24 | D138: ='PLANTILLA INV. PISO (0)'!U134 -> 0 | F138: =ROUNDDOWN(D138,0) -> 0 | G138: =+(D138-F138)*100 -> 0 | H138: =G138/C138 -> 0 | I138: =F138+H138 -> 0 | K138: ='PLANTILLA INV. PISO (0)'!AA141 -> 0
A139: ='PLANTILLA INV. PISO (0)'!A135 -> 120057 | B139: ='PLANTILLA INV. PISO (0)'!B135 -> MONSTER MANGO 473ML(24) | C139: ='MODIFICAR CODIGOS '!E135 -> 24 | D139: ='PLANTILLA INV. PISO (0)'!U135 -> 0 | F139: =ROUNDDOWN(D139,0) -> 0 | G139: =+(D139-F139)*100 -> 0 | H139: =G139/C139 -> 0 | I139: =F139+H139 -> 0 | K139: ='PLANTILLA INV. PISO (0)'!AA142 -> 0
A140: ='PLANTILLA INV. PISO (0)'!A136 -> 120112 | B140: ='PLANTILLA INV. PISO (0)'!B136 -> MONSTER PARADAISE 473ML LAT(24) | C140: ='MODIFICAR CODIGOS '!E136 -> 24 | D140: ='PLANTILLA INV. PISO (0)'!U136 -> 0 | F140: =ROUNDDOWN(D140,0) -> 0 | G140: =+(D140-F140)*100 -> 0 | H140: =G140/C140 -> 0 | I140: =F140+H140 -> 0 | K140: ='PLANTILLA INV. PISO (0)'!AA143 -> 0
A141: ='PLANTILLA INV. PISO (0)'!A137 -> 120175 | B141: ='PLANTILLA INV. PISO (0)'!B137 -> MONSTER PIPELINE PUNCH 473ML LAT(24) | C141: ='MODIFICAR CODIGOS '!E137 -> 24 | D141: ='PLANTILLA INV. PISO (0)'!U137 -> 20.08 | F141: =ROUNDDOWN(D141,0) -> 20 | G141: =+(D141-F141)*100 -> 8 | H141: =G141/C141 -> 0.33333333 | I141: =F141+H141 -> 20.333333 | K141: ='PLANTILLA INV. PISO (0)'!AA144 -> 0
A142: ='PLANTILLA INV. PISO (0)'!A138 -> 0 | B142: ='PLANTILLA INV. PISO (0)'!B138 -> 0 | C142: ='MODIFICAR CODIGOS '!E138 -> 1 | D142: ='PLANTILLA INV. PISO (0)'!U138 -> 0 | F142: =ROUNDDOWN(D142,0) -> 0 | G142: =+(D142-F142)*100 -> 0 | H142: =G142/C142 -> 0 | I142: =F142+H142 -> 0 | K142: ='PLANTILLA INV. PISO (0)'!AA145 -> 0
A143: ='PLANTILLA INV. PISO (0)'!A139 -> * | B143: ='PLANTILLA INV. PISO (0)'!B139 -> 0 | C143: ='MODIFICAR CODIGOS '!E139 -> 0 | D143: ='PLANTILLA INV. PISO (0)'!U139 -> 0 | F143: =ROUNDDOWN(D143,0) -> 0 | G143: =+(D143-F143)*100 -> 0 | H143: =G143/C143 -> #DIV/0! | I143: =F143+H143 -> #DIV/0! | K143: ='PLANTILLA INV. PISO (0)'!AA146 -> 0
A144: ='PLANTILLA INV. PISO (0)'!A140 -> 160186 | B144: ='PLANTILLA INV. PISO (0)'!B140 -> FUZE TEA TE NEGRO DURAZNO PET 400 ML (6) | C144: ='MODIFICAR CODIGOS '!E140 -> 6 | D144: ='PLANTILLA INV. PISO (0)'!U140 -> 2 | F144: =ROUNDDOWN(D144,0) -> 2 | G144: =+(D144-F144)*100 -> 0 | H144: =G144/C144 -> 0 | I144: =F144+H144 -> 2 | K144: ='PLANTILLA INV. PISO (0)'!AA147 -> 0
A145: ='PLANTILLA INV. PISO (0)'!A141 -> 160187 | B145: ='PLANTILLA INV. PISO (0)'!B141 -> FUZE TEA TE NEGRO LIMON PET 400 (6) | C145: ='MODIFICAR CODIGOS '!E141 -> 6 | D145: ='PLANTILLA INV. PISO (0)'!U141 -> 0 | F145: =ROUNDDOWN(D145,0) -> 0 | G145: =+(D145-F145)*100 -> 0 | H145: =G145/C145 -> 0 | I145: =F145+H145 -> 0 | K145: ='PLANTILLA INV. PISO (0)'!AA148 -> 0
A146: ='PLANTILLA INV. PISO (0)'!A142 -> 160188 | B146: ='PLANTILLA INV. PISO (0)'!B142 -> FUZE TEA TE NEGRO MANZANA PET 400 (6) | C146: ='MODIFICAR CODIGOS '!E142 -> 6 | D146: ='PLANTILLA INV. PISO (0)'!U142 -> 9 | F146: =ROUNDDOWN(D146,0) -> 9 | G146: =+(D146-F146)*100 -> 0 | H146: =G146/C146 -> 0 | I146: =F146+H146 -> 9 | K146: ='PLANTILLA INV. PISO (0)'!AA149 -> 0
A147: ='PLANTILLA INV. PISO (0)'!A143 -> 160223 | B147: ='PLANTILLA INV. PISO (0)'!B143 -> FUZE TEA TE MANGO PET 400 (6) | C147: ='MODIFICAR CODIGOS '!E143 -> 6 | D147: ='PLANTILLA INV. PISO (0)'!U143 -> 18.05 | F147: =ROUNDDOWN(D147,0) -> 18 | G147: =+(D147-F147)*100 -> 5 | H147: =G147/C147 -> 0.83333333 | I147: =F147+H147 -> 18.833333 | K147: ='PLANTILLA INV. PISO (0)'!AA150 -> 0
... A204: ='PLANTILLA INV. PISO (0)'!A200 -> * | B204: ='PLANTILLA INV. PISO (0)'!B200 -> 0 | C204: ='MODIFICAR CODIGOS '!E200 -> 0 | D204: ='PLANTILLA INV. PISO (0)'!U200 -> 0 | F204: =ROUNDDOWN(D204,0) -> 0 | G204: =+(D204-F204)*100 -> 0 | H204: =G204/C204 -> #DIV/0! | I204: =F204+H204 -> #DIV/0! | K204: ='PLANTILLA INV. PISO (0)'!AA207 -> 0
A205: ='PLANTILLA INV. PISO (0)'!A201 -> 120134 | B205: ='PLANTILLA INV. PISO (0)'!B201 -> FRUTAL MORA 188ML | C205: ='MODIFICAR CODIGOS '!E201 -> 24 | D205: ='PLANTILLA INV. PISO (0)'!U201 -> 22.15 | F205: =ROUNDDOWN(D205,0) -> 22 | G205: =+(D205-F205)*100 -> 15 | H205: =G205/C205 -> 0.625 | I205: =F205+H205 -> 22.625 | K205: ='PLANTILLA INV. PISO (0)'!AA211 -> 0
A206: ='PLANTILLA INV. PISO (0)'!A202 -> 120137 | B206: ='PLANTILLA INV. PISO (0)'!B202 -> DELVALLE FRUTAL MANDARINA - PIÑA | C206: ='MODIFICAR CODIGOS '!E202 -> 24 | D206: ='PLANTILLA INV. PISO (0)'!U202 -> 0 | F206: =ROUNDDOWN(D206,0) -> 0 | G206: =+(D206-F206)*100 -> 0 | H206: =G206/C206 -> 0 | I206: =F206+H206 -> 0 | K206: ='PLANTILLA INV. PISO (0)'!AA212 -> 0
A207: ='PLANTILLA INV. PISO (0)'!A203 -> 120136 | B207: ='PLANTILLA INV. PISO (0)'!B203 -> DELVALLE FRUTAL MANGO | C207: ='MODIFICAR CODIGOS '!E203 -> 24 | D207: ='PLANTILLA INV. PISO (0)'!U203 -> 12.16 | F207: =ROUNDDOWN(D207,0) -> 12 | G207: =+(D207-F207)*100 -> 16 | H207: =G207/C207 -> 0.66666667 | I207: =F207+H207 -> 12.666667 | K207: ='PLANTILLA INV. PISO (0)'!AA213 -> 0
A208: ='PLANTILLA INV. PISO (0)'!A204 -> 120133 | B208: ='PLANTILLA INV. PISO (0)'!B204 -> FRUTAL MANGOFRS 188 ML TETRA (24) | C208: ='MODIFICAR CODIGOS '!E204 -> 24 | D208: ='PLANTILLA INV. PISO (0)'!U204 -> 0 | F208: =ROUNDDOWN(D208,0) -> 0 | G208: =+(D208-F208)*100 -> 0 | H208: =G208/C208 -> 0 | I208: =F208+H208 -> 0 | K208: ='PLANTILLA INV. PISO (0)'!AA214 -> 0
A209: ='PLANTILLA INV. PISO (0)'!A205 -> 120135 | B209: ='PLANTILLA INV. PISO (0)'!B205 -> FRUTAL SALPICON 188 ML TETRA (24) | C209: ='MODIFICAR CODIGOS '!E205 -> 24 | D209: ='PLANTILLA INV. PISO (0)'!U205 -> 0 | F209: =ROUNDDOWN(D209,0) -> 0 | G209: =+(D209-F209)*100 -> 0 | H209: =G209/C209 -> 0 | I209: =F209+H209 -> 0 | K209: ='PLANTILLA INV. PISO (0)'!AA215 -> 0
A210: ='PLANTILLA INV. PISO (0)'!A206 -> 0 | B210: ='PLANTILLA INV. PISO (0)'!B206 -> 0 | C210: ='MODIFICAR CODIGOS '!E206 -> 1 | D210: ='PLANTILLA INV. PISO (0)'!U206 -> 0 | F210: =ROUNDDOWN(D210,0) -> 0 | G210: =+(D210-F210)*100 -> 0 | H210: =G210/C210 -> 0 | I210: =F210+H210 -> 0 | K210: ='PLANTILLA INV. PISO (0)'!AA216 -> 0
A211: ='PLANTILLA INV. PISO (0)'!A207 -> * | B211: ='PLANTILLA INV. PISO (0)'!B207 -> 0 | C211: ='MODIFICAR CODIGOS '!E207 -> 0 | D211: ='PLANTILLA INV. PISO (0)'!U207 -> 0 | F211: =ROUNDDOWN(D211,0) -> 0 | G211: =+(D211-F211)*100 -> 0 | H211: =G211/C211 -> #DIV/0! | I211: =F211+H211 -> #DIV/0! | K211: ='PLANTILLA INV. PISO (0)'!AA217 -> 0
A212: ='PLANTILLA INV. PISO (0)'!A208 -> 120188 | B212: ='PLANTILLA INV. PISO (0)'!B208 -> FRUTAL MANGO 1.2L PET (6) | C212: ='MODIFICAR CODIGOS '!E208 -> 6 | D212: ='PLANTILLA INV. PISO (0)'!U208 -> 15 | F212: =ROUNDDOWN(D212,0) -> 15 | G212: =+(D212-F212)*100 -> 0 | H212: =G212/C212 -> 0 | I212: =F212+H212 -> 15 | K212: ='PLANTILLA INV. PISO (0)'!AA218 -> 0
A213: ='PLANTILLA INV. PISO (0)'!A209 -> 120190 | B213: ='PLANTILLA INV. PISO (0)'!B209 -> FRUTAL MANGOFRS 1.2LT PET(6) | C213: ='MODIFICAR CODIGOS '!E209 -> 6 | D213: ='PLANTILLA INV. PISO (0)'!U209 -> 8.03 | F213: =ROUNDDOWN(D213,0) -> 8 | G213: =+(D213-F213)*100 -> 3 | H213: =G213/C213 -> 0.5 | I213: =F213+H213 -> 8.5 | K213: ='PLANTILLA INV. PISO (0)'!AA219 -> 0
A214: ='PLANTILLA INV. PISO (0)'!A210 -> 120191 | B214: ='PLANTILLA INV. PISO (0)'!B210 -> FRUTAL MORA 1.2LT PET(6) | C214: ='MODIFICAR CODIGOS '!E210 -> 6 | D214: ='PLANTILLA INV. PISO (0)'!U210 -> 2.05 | F214: =ROUNDDOWN(D214,0) -> 2 | G214: =+(D214-F214)*100 -> 5 | H214: =G214/C214 -> 0.83333333 | I214: =F214+H214 -> 2.8333333 | K214: ='PLANTILLA INV. PISO (0)'!AA220 -> 0
A215: ='PLANTILLA INV. PISO (0)'!A211 -> 0 | B215: ='PLANTILLA INV. PISO (0)'!B211 -> 0 | C215: ='MODIFICAR CODIGOS '!E211 -> 6 | D215: ='PLANTILLA INV. PISO (0)'!U211 -> 0 | F215: =ROUNDDOWN(D215,0) -> 0 | G215: =+(D215-F215)*100 -> 0 | H215: =G215/C215 -> 0 | I215: =F215+H215 -> 0 | K215: ='PLANTILLA INV. PISO (0)'!AA221 -> 0
A216: ='PLANTILLA INV. PISO (0)'!A212 -> 0 | B216: ='PLANTILLA INV. PISO (0)'!B212 -> 0 | C216: ='MODIFICAR CODIGOS '!E212 -> 6 | D216: ='PLANTILLA INV. PISO (0)'!U212 -> 0 | F216: =ROUNDDOWN(D216,0) -> 0 | G216: =+(D216-F216)*100 -> 0 | H216: =G216/C216 -> 0 | I216: =F216+H216 -> 0 | K216: ='PLANTILLA INV. PISO (0)'!AA222 -> 0
... A421: ='PLANTILLA INV. PISO (0)'!A417 -> 0 | B421: ='PLANTILLA INV. PISO (0)'!B417 -> 0 | C421: ='MODIFICAR CODIGOS '!E417 -> 1 | D421: ='PLANTILLA INV. PISO (0)'!U417 -> 0 | F421: =ROUNDDOWN(D421,0) -> 0 | G421: =+(D421-F421)*100 -> 0 | H421: =G421/C421 -> 0 | I421: =F421+H421 -> 0 | K421: ='PLANTILLA INV. PISO (0)'!AA427 -> 0
A422: ='PLANTILLA INV. PISO (0)'!A418 -> 56781 | B422: ='PLANTILLA INV. PISO (0)'!B418 -> 6PACK QUATRO LATA 269ML | C422: ='MODIFICAR CODIGOS '!E418 -> 6 | D422: ='PLANTILLA INV. PISO (0)'!U418 -> 31 | F422: =ROUNDDOWN(D422,0) -> 31 | G422: =+(D422-F422)*100 -> 0 | H422: =G422/C422 -> 0 | I422: =F422+H422 -> 31 | K422: ='PLANTILLA INV. PISO (0)'!AA443 -> 0
A423: ='PLANTILLA INV. PISO (0)'!A419 -> 56751 | B423: ='PLANTILLA INV. PISO (0)'!B419 -> 12PACK QUATRO LATA 269ML | C423: ='MODIFICAR CODIGOS '!E419 -> 12 | D423: ='PLANTILLA INV. PISO (0)'!U419 -> 19 | F423: =ROUNDDOWN(D423,0) -> 19 | G423: =+(D423-F423)*100 -> 0 | H423: =G423/C423 -> 0 | I423: =F423+H423 -> 19 | K423: ='PLANTILLA INV. PISO (0)'!AA444 -> 0
A424: ='PLANTILLA INV. PISO (0)'!A420 -> 136656 | B424: ='PLANTILLA INV. PISO (0)'!B420 -> 6PACK Q4 CC2 LATA 269ML | C424: ='MODIFICAR CODIGOS '!E420 -> 6 | D424: ='PLANTILLA INV. PISO (0)'!U420 -> 0 | F424: =ROUNDDOWN(D424,0) -> 0 | G424: =+(D424-F424)*100 -> 0 | H424: =G424/C424 -> 0 | I424: =F424+H424 -> 0 | K424: ='PLANTILLA INV. PISO (0)'!AA445 -> 0
A425: ='PLANTILLA INV. PISO (0)'!A421 -> 120025 | B425: ='PLANTILLA INV. PISO (0)'!B421 -> HIELOCO | C425: ='MODIFICAR CODIGOS '!E421 -> 1 | D425: ='PLANTILLA INV. PISO (0)'!U421 -> 0 | F425: =ROUNDDOWN(D425,0) -> 0 | G425: =+(D425-F425)*100 -> 0 | H425: =G425/C425 -> 0 | I425: =F425+H425 -> 0 | K425: ='PLANTILLA INV. PISO (0)'!AA446 -> 0
A426: ='PLANTILLA INV. PISO (0)'!A422 -> CODIGO | B426: ='PLANTILLA INV. PISO (0)'!B422 -> PRODUCTO | C426: ='MODIFICAR CODIGOS '!E422 -> 0 | D426: ='PLANTILLA INV. PISO (0)'!U422 -> TOTAL | F426: =ROUNDDOWN(D426,0) -> #VALUE! | G426: =+(D426-F426)*100 -> #VALUE! | H426: =G426/C426 -> #VALUE! | I426: =F426+H426 -> #VALUE! | K426: ='PLANTILLA INV. PISO (0)'!AA447 -> 0
A427: ='PLANTILLA INV. PISO (0)'!A423 -> 136468 | B427: ='PLANTILLA INV. PISO (0)'!B423 -> HALLS 100S EXT STRONG COL 310GR KTI30(1) | C427: ='MODIFICAR CODIGOS '!E423 -> 1 | D427: ='PLANTILLA INV. PISO (0)'!U423 -> 45 | F427: =ROUNDDOWN(D427,0) -> 45 | G427: =+(D427-F427)*100 -> 0 | H427: =G427/C427 -> 0 | I427: =F427+H427 -> 45 | K427: ='PLANTILLA INV. PISO (0)'!AA448 -> 0
A428: ='PLANTILLA INV. PISO (0)'!A424 -> 136478 | B428: ='PLANTILLA INV. PISO (0)'!B424 -> CHAO MENTA 350GR KIT 24(1) | C428: ='MODIFICAR CODIGOS '!E424 -> 1 | D428: ='PLANTILLA INV. PISO (0)'!U424 -> 519 | F428: =ROUNDDOWN(D428,0) -> 519 | G428: =+(D428-F428)*100 -> 0 | H428: =G428/C428 -> 0 | I428: =F428+H428 -> 519 | K428: ='PLANTILLA INV. PISO (0)'!AA449 -> 0
A429: ='PLANTILLA INV. PISO (0)'!A425 -> 136479 | B429: ='PLANTILLA INV. PISO (0)'!B425 -> CHAO FRESA 350GR KIT 24(1) | C429: ='MODIFICAR CODIGOS '!E425 -> 1 | D429: ='PLANTILLA INV. PISO (0)'!U425 -> 1939 | F429: =ROUNDDOWN(D429,0) -> 1939 | G429: =+(D429-F429)*100 -> 0 | H429: =G429/C429 -> 0 | I429: =F429+H429 -> 1939 | K429: ='PLANTILLA INV. PISO (0)'!AA450 -> 0
A430: ='PLANTILLA INV. PISO (0)'!A426 -> 136701 | B430: ='PLANTILLA INV. PISO (0)'!B426 -> BIANCHI CHOCOBLAN 460GR KIT18(1) | C430: ='MODIFICAR CODIGOS '!E426 -> 1 | D430: ='PLANTILLA INV. PISO (0)'!U426 -> 39 | F430: =ROUNDDOWN(D430,0) -> 39 | G430: =+(D430-F430)*100 -> 0 | H430: =G430/C430 -> 0 | I430: =F430+H430 -> 39 | K430: ='PLANTILLA INV. PISO (0)'!AA451 -> 0
A431: ='PLANTILLA INV. PISO (0)'!A427 -> 136700 | B431: ='PLANTILLA INV. PISO (0)'!B427 -> BIANCHI CHOCOLATE 460GR KIT18(1) | C431: ='MODIFICAR CODIGOS '!E427 -> 1 | D431: ='PLANTILLA INV. PISO (0)'!U427 -> 143 | F431: =ROUNDDOWN(D431,0) -> 143 | G431: =+(D431-F431)*100 -> 0 | H431: =G431/C431 -> 0 | I431: =F431+H431 -> 143 | K431: ='PLANTILLA INV. PISO (0)'!#REF! -> #REF!
A432: ='PLANTILLA INV. PISO (0)'!A428 -> 136487 | B432: ='PLANTILLA INV. PISO (0)'!B428 -> LOKINO CARAMELO 400GR KIT24(1) | C432: ='MODIFICAR CODIGOS '!E428 -> 1 | D432: ='PLANTILLA INV. PISO (0)'!U428 -> 163 | F432: =ROUNDDOWN(D432,0) -> 163 | G432: =+(D432-F432)*100 -> 0 | H432: =G432/C432 -> 0 | I432: =F432+H432 -> 163
A433: ='PLANTILLA INV. PISO (0)'!A429 -> 136712 | B433: ='PLANTILLA INV. PISO (0)'!B429 -> TRULU 70U MAS VENDID 1.6K KIT6(1) | C433: ='MODIFICAR CODIGOS '!E429 -> 1 | D433: ='PLANTILLA INV. PISO (0)'!U429 -> 607 | F433: =ROUNDDOWN(D433,0) -> 607 | G433: =+(D433-F433)*100 -> 0 | H433: =G433/C433 -> 0 | I433: =F433+H433 -> 607
A434: ='PLANTILLA INV. PISO (0)'!A430 -> 0 | B434: ='PLANTILLA INV. PISO (0)'!B430 -> 0 | C434: ='MODIFICAR CODIGOS '!E430 -> 1 | D434: ='PLANTILLA INV. PISO (0)'!U430 -> 0 | F434: =ROUNDDOWN(D434,0) -> 0 | G434: =+(D434-F434)*100 -> 0 | H434: =G434/C434 -> 0 | I434: =F434+H434 -> 0
A435: ='PLANTILLA INV. PISO (0)'!A431 -> 0 | B435: ='PLANTILLA INV. PISO (0)'!B431 -> 0 | C435: ='MODIFICAR CODIGOS '!E431 -> 1 | D435: ='PLANTILLA INV. PISO (0)'!U431 -> 0 | F435: =ROUNDDOWN(D435,0) -> 0 | G435: =+(D435-F435)*100 -> 0 | H435: =G435/C435 -> 0 | I435: =F435+H435 -> 0
A436: ='PLANTILLA INV. PISO (0)'!A432 -> 0 | B436: ='PLANTILLA INV. PISO (0)'!B432 -> 0 | C436: ='MODIFICAR CODIGOS '!E432 -> 1 | D436: ='PLANTILLA INV. PISO (0)'!U432 -> 0 | F436: =ROUNDDOWN(D436,0) -> 0 | G436: =+(D436-F436)*100 -> 0 | H436: =G436/C436 -> 0 | I436: =F436+H436 -> 0
A437: ='PLANTILLA INV. PISO (0)'!A433 -> 136475 | B437: ='PLANTILLA INV. PISO (0)'!B433 -> BARRILETE 440GR PAIS KIT18(1) | C437: ='MODIFICAR CODIGOS '!E433 -> 1 | D437: ='PLANTILLA INV. PISO (0)'!U433 -> 94 | F437: =ROUNDDOWN(D437,0) -> 94 | G437: =+(D437-F437)*100 -> 0 | H437: =G437/C437 -> 0 | I437: =F437+H437 -> 94
A438: ='PLANTILLA INV. PISO (0)'!A434 -> 136675 | B438: ='PLANTILLA INV. PISO (0)'!B434 -> TRULULU SABOR SURT ACIDO 12U 360G KIT12(1) | C438: ='MODIFICAR CODIGOS '!E434 -> 1 | D438: ='PLANTILLA INV. PISO (0)'!U434 -> 65 | F438: =ROUNDDOWN(D438,0) -> 65 | G438: =+(D438-F438)*100 -> 0 | H438: =G438/C438 -> 0 | I438: =F438+H438 -> 65
A439: ='PLANTILLA INV. PISO (0)'!A435 -> 136623 | B439: ='PLANTILLA INV. PISO (0)'!B435 -> TRIDENT EVUP MENTA31G KIT144(1) | C439: ='MODIFICAR CODIGOS '!E435 -> 1 | D439: ='PLANTILLA INV. PISO (0)'!U435 -> 0 | F439: =ROUNDDOWN(D439,0) -> 0 | G439: =+(D439-F439)*100 -> 0 | H439: =G439/C439 -> 0 | I439: =F439+H439 -> 0
A440: ='PLANTILLA INV. PISO (0)'!A436 -> 0 | B440: ='PLANTILLA INV. PISO (0)'!B436 -> 0 | C440: ='MODIFICAR CODIGOS '!E436 -> 1 | D440: ='PLANTILLA INV. PISO (0)'!U436 -> 0 | F440: =ROUNDDOWN(D440,0) -> 0 | G440: =+(D440-F440)*100 -> 0 | H440: =G440/C440 -> 0 | I440: =F440+H440 -> 0
A441: ='PLANTILLA INV. PISO (0)'!A437 -> 136466 | B441: ='PLANTILLA INV. PISO (0)'!B437 -> OREO ROLLO 109GR KIT30(1) | C441: ='MODIFICAR CODIGOS '!E437 -> 1 | D441: ='PLANTILLA INV. PISO (0)'!U437 -> 2002 | F441: =ROUNDDOWN(D441,0) -> 2002 | G441: =+(D441-F441)*100 -> 0 | H441: =G441/C441 -> 0 | I441: =F441+H441 -> 2002
A442: ='PLANTILLA INV. PISO (0)'!A438 -> 136467 | B442: ='PLANTILLA INV. PISO (0)'!B438 -> OREO REGULAR COL 324GR KIT18(1) | C442: ='MODIFICAR CODIGOS '!E438 -> 1 | D442: ='PLANTILLA INV. PISO (0)'!U438 -> 502 | F442: =ROUNDDOWN(D442,0) -> 502 | G442: =+(D442-F442)*100 -> 0 | H442: =G442/C442 -> 0 | I442: =F442+H442 -> 502
A443: ='PLANTILLA INV. PISO (0)'!A439 -> 136020 | B443: ='PLANTILLA INV. PISO (0)'!B439 -> BOCADO ATUN ACEIT 140GR KIT 48(1) | C443: ='MODIFICAR CODIGOS '!E439 -> 1 | D443: ='PLANTILLA INV. PISO (0)'!U439 -> 139 | F443: =ROUNDDOWN(D443,0) -> 139 | G443: =+(D443-F443)*100 -> 0 | H443: =G443/C443 -> 0 | I443: =F443+H443 -> 139
... A456: ='PLANTILLA INV. PISO (0)'!A452 -> CODIGO | B456: ='PLANTILLA INV. PISO (0)'!B452 -> INVENTARIO ENVASE | C456: ='MODIFICAR CODIGOS '!E452 -> 0 | D456: ='PLANTILLA INV. PISO (0)'!U452 -> TOTAL | F456: =ROUNDDOWN(D456,0) -> #VALUE! | G456: =+(D456-F456)*100 -> #VALUE! | H456: =G456/C456 -> #VALUE! | I456: =F456+H456 -> #VALUE!
A457: ='PLANTILLA INV. PISO (0)'!A453 -> 184016 | B457: ='PLANTILLA INV. PISO (0)'!B453 -> BOT COCA-COLA 6,5OZ | C457: ='MODIFICAR CODIGOS '!E453 -> 30 | D457: 0 | F457: =ROUNDDOWN(D457,0) -> 0 | G457: =+(D457-F457)*100 -> 0 | H457: =G457/C457 -> 0 | I457: =F457+H457 -> 0
A458: ='PLANTILLA INV. PISO (0)'!A454 -> 184025 | B458: ='PLANTILLA INV. PISO (0)'!B454 -> BOT QUATRO 6,5 OZ | C458: ='MODIFICAR CODIGOS '!E454 -> 30 | D458: ='PLANTILLA INV. PISO (0)'!U454 -> 142 | F458: =ROUNDDOWN(D458,0) -> 142 | G458: =+(D458-F458)*100 -> 0 | H458: =G458/C458 -> 0 | I458: =F458+H458 -> 142
A459: ='PLANTILLA INV. PISO (0)'!A455 -> 0 | B459: ='PLANTILLA INV. PISO (0)'!B455 -> 0 | C459: ='MODIFICAR CODIGOS '!E455 -> 30 | D459: ='PLANTILLA INV. PISO (0)'!U455 -> 0 | F459: =ROUNDDOWN(D459,0) -> 0 | G459: =+(D459-F459)*100 -> 0 | H459: =G459/C459 -> 0 | I459: =F459+H459 -> 0
A460: ='PLANTILLA INV. PISO (0)'!A456 -> 184026 | B460: ='PLANTILLA INV. PISO (0)'!B456 -> BOT SPRITE VIR 6,5 OZ | C460: ='MODIFICAR CODIGOS '!E456 -> 30 | D460: ='PLANTILLA INV. PISO (0)'!U456 -> 90 | F460: =ROUNDDOWN(D460,0) -> 90 | G460: =+(D460-F460)*100 -> 0 | H460: =G460/C460 -> 0 | I460: =F460+H460 -> 90
A461: ='PLANTILLA INV. PISO (0)'!A457 -> 0 | B461: ='PLANTILLA INV. PISO (0)'!B457 -> 0 | C461: ='MODIFICAR CODIGOS '!E457 -> 30 | D461: ='PLANTILLA INV. PISO (0)'!U457 -> 0 | F461: =ROUNDDOWN(D461,0) -> 0 | G461: =+(D461-F461)*100 -> 0 | H461: =G461/C461 -> 0 | I461: =F461+H461 -> 0
A462: ='PLANTILLA INV. PISO (0)'!A458 -> 184041 | B462: ='PLANTILLA INV. PISO (0)'!B458 -> PREMIO ROJO 250 ML | C462: ='MODIFICAR CODIGOS '!E458 -> 30 | D462: ='PLANTILLA INV. PISO (0)'!U458 -> 1 | F462: =ROUNDDOWN(D462,0) -> 1 | G462: =+(D462-F462)*100 -> 0 | H462: =G462/C462 -> 0 | I462: =F462+H462 -> 1
A463: ='PLANTILLA INV. PISO (0)'!A459 -> 0 | B463: ='PLANTILLA INV. PISO (0)'!B459 -> 0 | C463: ='MODIFICAR CODIGOS '!E459 -> 30 | D463: ='PLANTILLA INV. PISO (0)'!U459 -> 0 | F463: =ROUNDDOWN(D463,0) -> 0 | G463: =+(D463-F463)*100 -> 0 | H463: =G463/C463 -> 0 | I463: =F463+H463 -> 0
...

Sheet CANTIDADES 
B2: SOLO PRODUCTO | E2: SOLO MATERIAL VACIO
B4: Material | C4: Cantidad Cajas | E4: Material | F4: Cantidad Cajas
B5: 160052 | C5: =IFERROR(VLOOKUP(B5,'INVENTARIO PISO '!A$6:K$470,9,FALSE),"0") -> 99.166667 | E5: 184016 | F5: =IFERROR(VLOOKUP(E5,'INVENTARIO PISO '!$A$433:D470,4,FALSE),"0") -> 0
B6: 56702 | C6: =IFERROR(VLOOKUP(B6,'INVENTARIO PISO '!A$6:K$470,9,FALSE),"0") -> 58.7 | E6: 184025 | F6: =IFERROR(VLOOKUP(E6,'INVENTARIO PISO '!$A$433:D471,4,FALSE),"0") -> 142
B7: 160069 | C7: =IFERROR(VLOOKUP(B7,'INVENTARIO PISO '!A$6:K$470,9,FALSE),"0") -> 97.266667 | E7: 184026 | F7: =IFERROR(VLOOKUP(E7,'INVENTARIO PISO '!$A$433:D472,4,FALSE),"0") -> 90
B8: 160176 | C8: =IFERROR(VLOOKUP(B8,'INVENTARIO PISO '!A$6:K$470,9,FALSE),"0") -> 0 | E8: 184040 | F8: =IFERROR(VLOOKUP(E8,'INVENTARIO PISO '!$A$433:D473,4,FALSE),"0") -> 0
B9: 56623 | C9: =IFERROR(VLOOKUP(B9,'INVENTARIO PISO '!A$6:K$470,9,FALSE),"0") -> 0 | E9: 184041 | F9: =IFERROR(VLOOKUP(E9,'INVENTARIO PISO '!$A$433:D474,4,FALSE),"0") -> 1
B10: 160009 | C10: =IFERROR(VLOOKUP(B10,'INVENTARIO PISO '!A$6:K$470,9,FALSE),"0") -> 0 | E10: 184021 | F10: =IFERROR(VLOOKUP(E10,'INVENTARIO PISO '!$A$433:D475,4,FALSE),"0") -> 0
B11: 119945 | C11: =IFERROR(VLOOKUP(B11,'INVENTARIO PISO '!A$6:K$470,9,FALSE),"0") -> 0 | E11: 183131 | F11: =IFERROR(VLOOKUP(E11,'INVENTARIO PISO '!$A$433:D476,4,FALSE),"0") -> 0
B12: 160033 | C12: =IFERROR(VLOOKUP(B12,'INVENTARIO PISO '!A$6:K$470,9,FALSE),"0") -> 3.3 | E12: 184035 | F12: =IFERROR(VLOOKUP(E12,'INVENTARIO PISO '!$A$433:D477,4,FALSE),"0") -> 47
B13: 160053 | C13: =IFERROR(VLOOKUP(B13,'INVENTARIO PISO '!A$6:K$470,9,FALSE),"0") -> 42.333333 | E13: 184017 | F13: =IFERROR(VLOOKUP(E13,'INVENTARIO PISO '!$A$433:D478,4,FALSE),"0") -> 558
B14: 56622 | C14: =IFERROR(VLOOKUP(B14,'INVENTARIO PISO '!A$6:K$470,9,FALSE),"0") -> 35.666667 | E14: 184022 | F14: =IFERROR(VLOOKUP(E14,'INVENTARIO PISO '!$A$433:D479,4,FALSE),"0") -> 51
B15: 56705 | C15: =IFERROR(VLOOKUP(B15,'INVENTARIO PISO '!A$6:K$470,9,FALSE),"0") -> 32.833333 | E15: 184019 | F15: =IFERROR(VLOOKUP(E15,'INVENTARIO PISO '!$A$433:D480,4,FALSE),"0") -> 190
B16: 160070 | C16: =IFERROR(VLOOKUP(B16,'INVENTARIO PISO '!A$6:K$470,9,FALSE),"0") -> 43.833333 | E16: 184020 | F16: =IFERROR(VLOOKUP(E16,'INVENTARIO PISO '!$A$433:D481,4,FALSE),"0") -> 106
... B31: 160255 | C31: =IFERROR(VLOOKUP(B31,'INVENTARIO PISO '!A$6:K$470,9,FALSE),"0") -> 0 | E31: 197826 | F31: =IFERROR(VLOOKUP(E31,'INVENTARIO PISO '!$A$433:D496,4,FALSE),"0") -> 97
E32: 197815 | F32: =IFERROR(VLOOKUP(E32,'INVENTARIO PISO '!$A$433:D497,4,FALSE),"0") -> 448
E33: 197812 | F33: =IFERROR(VLOOKUP(E33,'INVENTARIO PISO '!$A$433:D498,4,FALSE),"0") -> 74
E34: 197823 | F34: =IFERROR(VLOOKUP(E34,'INVENTARIO PISO '!$A$433:D499,4,FALSE),"0") -> 41
E35: 197794 | F35: =IFERROR(VLOOKUP(E35,'INVENTARIO PISO '!$A$433:D500,4,FALSE),"0") -> 45
E36: 197792 | F36: =IFERROR(VLOOKUP(E36,'INVENTARIO PISO '!$A$433:D501,4,FALSE),"0") -> 0
B38: ='INVENTARIO PISO '!A6 -> 160052 | C38: ='INVENTARIO PISO '!I6 -> 99.166667
B39: ='INVENTARIO PISO '!A7 -> 0 | C39: ='INVENTARIO PISO '!I7 -> 0
B40: ='INVENTARIO PISO '!A8 -> 56702 | C40: ='INVENTARIO PISO '!I8 -> 58.7
B41: ='INVENTARIO PISO '!A9 -> 0 | C41: ='INVENTARIO PISO '!I9 -> 0
B42: ='INVENTARIO PISO '!A10 -> 160069 | C42: ='INVENTARIO PISO '!I10 -> 97.266667
B43: ='INVENTARIO PISO '!A11 -> 0 | C43: ='INVENTARIO PISO '!I11 -> 0
B44: ='INVENTARIO PISO '!A12 -> 0 | C44: ='INVENTARIO PISO '!I12 -> 0
B45: ='INVENTARIO PISO '!A13 -> 0 | C45: ='INVENTARIO PISO '!I13 -> 0
B46: ='INVENTARIO PISO '!A14 -> 56623 | C46: ='INVENTARIO PISO '!I14 -> 0
B47: ='INVENTARIO PISO '!A15 -> * | C47: ='INVENTARIO PISO '!I15 -> #DIV/0!
B48: ='INVENTARIO PISO '!A16 -> 160053 | C48: ='INVENTARIO PISO '!I16 -> 42.333333
B49: ='INVENTARIO PISO '!A17 -> 135763 | C49: ='INVENTARIO PISO '!I17 -> 18.8
... B487: ='INVENTARIO PISO '!A455 -> 136474 | C487: ='INVENTARIO PISO '!I455 -> 584
